image,label
Data/Img/img001-001.jpg,0
Data/Img/img001-002.jpg,0
Data/Img/img001-003.jpg,0
Data/Img/img001-004.jpg,0
Data/Img/img001-005.jpg,0
Data/Img/img001-006.jpg,0
Data/Img/img001-007.jpg,0
Data/Img/img001-008.jpg,0
Data/Img/img001-009.jpg,0
Data/Img/img001-010.jpg,0
Data/Img/img001-011.jpg,0
Data/Img/img001-012.jpg,0
Data/Img/img001-013.jpg,0
Data/Img/img001-014.jpg,0
Data/Img/img001-015.jpg,0
Data/Img/img001-016.jpg,0
Data/Img/img001-017.jpg,0
Data/Img/img001-018.jpg,0
Data/Img/img001-019.jpg,0
Data/Img/img001-020.jpg,0
Data/Img/img001-021.jpg,0
Data/Img/img001-022.jpg,0
Data/Img/img001-023.jpg,0
Data/Img/img001-024.jpg,0
Data/Img/img001-025.jpg,0
Data/Img/img001-026.jpg,0
Data/Img/img001-027.jpg,0
Data/Img/img001-028.jpg,0
Data/Img/img001-029.jpg,0
Data/Img/img001-030.jpg,0
Data/Img/img001-031.jpg,0
Data/Img/img001-032.jpg,0
Data/Img/img001-033.jpg,0
Data/Img/img001-034.jpg,0
Data/Img/img001-035.jpg,0
Data/Img/img001-036.jpg,0
Data/Img/img001-037.jpg,0
Data/Img/img001-038.jpg,0
Data/Img/img001-039.jpg,0
Data/Img/img001-040.jpg,0
Data/Img/img001-041.jpg,0
Data/Img/img001-042.jpg,0
Data/Img/img001-043.jpg,0
Data/Img/img001-044.jpg,0
Data/Img/img001-045.jpg,0
Data/Img/img001-046.jpg,0
Data/Img/img001-047.jpg,0
Data/Img/img001-048.jpg,0
Data/Img/img001-049.jpg,0
Data/Img/img001-050.jpg,0
Data/Img/img001-051.jpg,0
Data/Img/img001-052.jpg,0
Data/Img/img001-053.jpg,0
Data/Img/img001-054.jpg,0
Data/Img/img001-055.jpg,0
Data/Img/img002-001.jpg,1
Data/Img/img002-002.jpg,1
Data/Img/img002-003.jpg,1
Data/Img/img002-004.jpg,1
Data/Img/img002-005.jpg,1
Data/Img/img002-006.jpg,1
Data/Img/img002-007.jpg,1
Data/Img/img002-008.jpg,1
Data/Img/img002-009.jpg,1
Data/Img/img002-010.jpg,1
Data/Img/img002-011.jpg,1
Data/Img/img002-012.jpg,1
Data/Img/img002-013.jpg,1
Data/Img/img002-014.jpg,1
Data/Img/img002-015.jpg,1
Data/Img/img002-016.jpg,1
Data/Img/img002-017.jpg,1
Data/Img/img002-018.jpg,1
Data/Img/img002-019.jpg,1
Data/Img/img002-020.jpg,1
Data/Img/img002-021.jpg,1
Data/Img/img002-022.jpg,1
Data/Img/img002-023.jpg,1
Data/Img/img002-024.jpg,1
Data/Img/img002-025.jpg,1
Data/Img/img002-026.jpg,1
Data/Img/img002-027.jpg,1
Data/Img/img002-028.jpg,1
Data/Img/img002-029.jpg,1
Data/Img/img002-030.jpg,1
Data/Img/img002-031.jpg,1
Data/Img/img002-032.jpg,1
Data/Img/img002-033.jpg,1
Data/Img/img002-034.jpg,1
Data/Img/img002-035.jpg,1
Data/Img/img002-036.jpg,1
Data/Img/img002-037.jpg,1
Data/Img/img002-038.jpg,1
Data/Img/img002-039.jpg,1
Data/Img/img002-040.jpg,1
Data/Img/img002-041.jpg,1
Data/Img/img002-042.jpg,1
Data/Img/img002-043.jpg,1
Data/Img/img002-044.jpg,1
Data/Img/img002-045.jpg,1
Data/Img/img002-046.jpg,1
Data/Img/img002-047.jpg,1
Data/Img/img002-048.jpg,1
Data/Img/img002-049.jpg,1
Data/Img/img002-050.jpg,1
Data/Img/img002-051.jpg,1
Data/Img/img002-052.jpg,1
Data/Img/img002-053.jpg,1
Data/Img/img002-054.jpg,1
Data/Img/img002-055.jpg,1
Data/Img/img003-001.jpg,2
Data/Img/img003-002.jpg,2
Data/Img/img003-003.jpg,2
Data/Img/img003-004.jpg,2
Data/Img/img003-005.jpg,2
Data/Img/img003-006.jpg,2
Data/Img/img003-007.jpg,2
Data/Img/img003-008.jpg,2
Data/Img/img003-009.jpg,2
Data/Img/img003-010.jpg,2
Data/Img/img003-011.jpg,2
Data/Img/img003-012.jpg,2
Data/Img/img003-013.jpg,2
Data/Img/img003-014.jpg,2
Data/Img/img003-015.jpg,2
Data/Img/img003-016.jpg,2
Data/Img/img003-017.jpg,2
Data/Img/img003-018.jpg,2
Data/Img/img003-019.jpg,2
Data/Img/img003-020.jpg,2
Data/Img/img003-021.jpg,2
Data/Img/img003-022.jpg,2
Data/Img/img003-023.jpg,2
Data/Img/img003-024.jpg,2
Data/Img/img003-025.jpg,2
Data/Img/img003-026.jpg,2
Data/Img/img003-027.jpg,2
Data/Img/img003-028.jpg,2
Data/Img/img003-029.jpg,2
Data/Img/img003-030.jpg,2
Data/Img/img003-031.jpg,2
Data/Img/img003-032.jpg,2
Data/Img/img003-033.jpg,2
Data/Img/img003-034.jpg,2
Data/Img/img003-035.jpg,2
Data/Img/img003-036.jpg,2
Data/Img/img003-037.jpg,2
Data/Img/img003-038.jpg,2
Data/Img/img003-039.jpg,2
Data/Img/img003-040.jpg,2
Data/Img/img003-041.jpg,2
Data/Img/img003-042.jpg,2
Data/Img/img003-043.jpg,2
Data/Img/img003-044.jpg,2
Data/Img/img003-045.jpg,2
Data/Img/img003-046.jpg,2
Data/Img/img003-047.jpg,2
Data/Img/img003-048.jpg,2
Data/Img/img003-049.jpg,2
Data/Img/img003-050.jpg,2
Data/Img/img003-051.jpg,2
Data/Img/img003-052.jpg,2
Data/Img/img003-053.jpg,2
Data/Img/img003-054.jpg,2
Data/Img/img003-055.jpg,2
Data/Img/img004-001.jpg,3
Data/Img/img004-002.jpg,3
Data/Img/img004-003.jpg,3
Data/Img/img004-004.jpg,3
Data/Img/img004-005.jpg,3
Data/Img/img004-006.jpg,3
Data/Img/img004-007.jpg,3
Data/Img/img004-008.jpg,3
Data/Img/img004-009.jpg,3
Data/Img/img004-010.jpg,3
Data/Img/img004-011.jpg,3
Data/Img/img004-012.jpg,3
Data/Img/img004-013.jpg,3
Data/Img/img004-014.jpg,3
Data/Img/img004-015.jpg,3
Data/Img/img004-016.jpg,3
Data/Img/img004-017.jpg,3
Data/Img/img004-018.jpg,3
Data/Img/img004-019.jpg,3
Data/Img/img004-020.jpg,3
Data/Img/img004-021.jpg,3
Data/Img/img004-022.jpg,3
Data/Img/img004-023.jpg,3
Data/Img/img004-024.jpg,3
Data/Img/img004-025.jpg,3
Data/Img/img004-026.jpg,3
Data/Img/img004-027.jpg,3
Data/Img/img004-028.jpg,3
Data/Img/img004-029.jpg,3
Data/Img/img004-030.jpg,3
Data/Img/img004-031.jpg,3
Data/Img/img004-032.jpg,3
Data/Img/img004-033.jpg,3
Data/Img/img004-034.jpg,3
Data/Img/img004-035.jpg,3
Data/Img/img004-036.jpg,3
Data/Img/img004-037.jpg,3
Data/Img/img004-038.jpg,3
Data/Img/img004-039.jpg,3
Data/Img/img004-040.jpg,3
Data/Img/img004-041.jpg,3
Data/Img/img004-042.jpg,3
Data/Img/img004-043.jpg,3
Data/Img/img004-044.jpg,3
Data/Img/img004-045.jpg,3
Data/Img/img004-046.jpg,3
Data/Img/img004-047.jpg,3
Data/Img/img004-048.jpg,3
Data/Img/img004-049.jpg,3
Data/Img/img004-050.jpg,3
Data/Img/img004-051.jpg,3
Data/Img/img004-052.jpg,3
Data/Img/img004-053.jpg,3
Data/Img/img004-054.jpg,3
Data/Img/img004-055.jpg,3
Data/Img/img005-001.jpg,4
Data/Img/img005-002.jpg,4
Data/Img/img005-003.jpg,4
Data/Img/img005-004.jpg,4
Data/Img/img005-005.jpg,4
Data/Img/img005-006.jpg,4
Data/Img/img005-007.jpg,4
Data/Img/img005-008.jpg,4
Data/Img/img005-009.jpg,4
Data/Img/img005-010.jpg,4
Data/Img/img005-011.jpg,4
Data/Img/img005-012.jpg,4
Data/Img/img005-013.jpg,4
Data/Img/img005-014.jpg,4
Data/Img/img005-015.jpg,4
Data/Img/img005-016.jpg,4
Data/Img/img005-017.jpg,4
Data/Img/img005-018.jpg,4
Data/Img/img005-019.jpg,4
Data/Img/img005-020.jpg,4
Data/Img/img005-021.jpg,4
Data/Img/img005-022.jpg,4
Data/Img/img005-023.jpg,4
Data/Img/img005-024.jpg,4
Data/Img/img005-025.jpg,4
Data/Img/img005-026.jpg,4
Data/Img/img005-027.jpg,4
Data/Img/img005-028.jpg,4
Data/Img/img005-029.jpg,4
Data/Img/img005-030.jpg,4
Data/Img/img005-031.jpg,4
Data/Img/img005-032.jpg,4
Data/Img/img005-033.jpg,4
Data/Img/img005-034.jpg,4
Data/Img/img005-035.jpg,4
Data/Img/img005-036.jpg,4
Data/Img/img005-037.jpg,4
Data/Img/img005-038.jpg,4
Data/Img/img005-039.jpg,4
Data/Img/img005-040.jpg,4
Data/Img/img005-041.jpg,4
Data/Img/img005-042.jpg,4
Data/Img/img005-043.jpg,4
Data/Img/img005-044.jpg,4
Data/Img/img005-045.jpg,4
Data/Img/img005-046.jpg,4
Data/Img/img005-047.jpg,4
Data/Img/img005-048.jpg,4
Data/Img/img005-049.jpg,4
Data/Img/img005-050.jpg,4
Data/Img/img005-051.jpg,4
Data/Img/img005-052.jpg,4
Data/Img/img005-053.jpg,4
Data/Img/img005-054.jpg,4
Data/Img/img005-055.jpg,4
Data/Img/img006-001.jpg,5
Data/Img/img006-002.jpg,5
Data/Img/img006-003.jpg,5
Data/Img/img006-004.jpg,5
Data/Img/img006-005.jpg,5
Data/Img/img006-006.jpg,5
Data/Img/img006-007.jpg,5
Data/Img/img006-008.jpg,5
Data/Img/img006-009.jpg,5
Data/Img/img006-010.jpg,5
Data/Img/img006-011.jpg,5
Data/Img/img006-012.jpg,5
Data/Img/img006-013.jpg,5
Data/Img/img006-014.jpg,5
Data/Img/img006-015.jpg,5
Data/Img/img006-016.jpg,5
Data/Img/img006-017.jpg,5
Data/Img/img006-018.jpg,5
Data/Img/img006-019.jpg,5
Data/Img/img006-020.jpg,5
Data/Img/img006-021.jpg,5
Data/Img/img006-022.jpg,5
Data/Img/img006-023.jpg,5
Data/Img/img006-024.jpg,5
Data/Img/img006-025.jpg,5
Data/Img/img006-026.jpg,5
Data/Img/img006-027.jpg,5
Data/Img/img006-028.jpg,5
Data/Img/img006-029.jpg,5
Data/Img/img006-030.jpg,5
Data/Img/img006-031.jpg,5
Data/Img/img006-032.jpg,5
Data/Img/img006-033.jpg,5
Data/Img/img006-034.jpg,5
Data/Img/img006-035.jpg,5
Data/Img/img006-036.jpg,5
Data/Img/img006-037.jpg,5
Data/Img/img006-038.jpg,5
Data/Img/img006-039.jpg,5
Data/Img/img006-040.jpg,5
Data/Img/img006-041.jpg,5
Data/Img/img006-042.jpg,5
Data/Img/img006-043.jpg,5
Data/Img/img006-044.jpg,5
Data/Img/img006-045.jpg,5
Data/Img/img006-046.jpg,5
Data/Img/img006-047.jpg,5
Data/Img/img006-048.jpg,5
Data/Img/img006-049.jpg,5
Data/Img/img006-050.jpg,5
Data/Img/img006-051.jpg,5
Data/Img/img006-052.jpg,5
Data/Img/img006-053.jpg,5
Data/Img/img006-054.jpg,5
Data/Img/img006-055.jpg,5
Data/Img/img007-001.jpg,6
Data/Img/img007-002.jpg,6
Data/Img/img007-003.jpg,6
Data/Img/img007-004.jpg,6
Data/Img/img007-005.jpg,6
Data/Img/img007-006.jpg,6
Data/Img/img007-007.jpg,6
Data/Img/img007-008.jpg,6
Data/Img/img007-009.jpg,6
Data/Img/img007-010.jpg,6
Data/Img/img007-011.jpg,6
Data/Img/img007-012.jpg,6
Data/Img/img007-013.jpg,6
Data/Img/img007-014.jpg,6
Data/Img/img007-015.jpg,6
Data/Img/img007-016.jpg,6
Data/Img/img007-017.jpg,6
Data/Img/img007-018.jpg,6
Data/Img/img007-019.jpg,6
Data/Img/img007-020.jpg,6
Data/Img/img007-021.jpg,6
Data/Img/img007-022.jpg,6
Data/Img/img007-023.jpg,6
Data/Img/img007-024.jpg,6
Data/Img/img007-025.jpg,6
Data/Img/img007-026.jpg,6
Data/Img/img007-027.jpg,6
Data/Img/img007-028.jpg,6
Data/Img/img007-029.jpg,6
Data/Img/img007-030.jpg,6
Data/Img/img007-031.jpg,6
Data/Img/img007-032.jpg,6
Data/Img/img007-033.jpg,6
Data/Img/img007-034.jpg,6
Data/Img/img007-035.jpg,6
Data/Img/img007-036.jpg,6
Data/Img/img007-037.jpg,6
Data/Img/img007-038.jpg,6
Data/Img/img007-039.jpg,6
Data/Img/img007-040.jpg,6
Data/Img/img007-041.jpg,6
Data/Img/img007-042.jpg,6
Data/Img/img007-043.jpg,6
Data/Img/img007-044.jpg,6
Data/Img/img007-045.jpg,6
Data/Img/img007-046.jpg,6
Data/Img/img007-047.jpg,6
Data/Img/img007-048.jpg,6
Data/Img/img007-049.jpg,6
Data/Img/img007-050.jpg,6
Data/Img/img007-051.jpg,6
Data/Img/img007-052.jpg,6
Data/Img/img007-053.jpg,6
Data/Img/img007-054.jpg,6
Data/Img/img007-055.jpg,6
Data/Img/img008-001.jpg,7
Data/Img/img008-002.jpg,7
Data/Img/img008-003.jpg,7
Data/Img/img008-004.jpg,7
Data/Img/img008-005.jpg,7
Data/Img/img008-006.jpg,7
Data/Img/img008-007.jpg,7
Data/Img/img008-008.jpg,7
Data/Img/img008-009.jpg,7
Data/Img/img008-010.jpg,7
Data/Img/img008-011.jpg,7
Data/Img/img008-012.jpg,7
Data/Img/img008-013.jpg,7
Data/Img/img008-014.jpg,7
Data/Img/img008-015.jpg,7
Data/Img/img008-016.jpg,7
Data/Img/img008-017.jpg,7
Data/Img/img008-018.jpg,7
Data/Img/img008-019.jpg,7
Data/Img/img008-020.jpg,7
Data/Img/img008-021.jpg,7
Data/Img/img008-022.jpg,7
Data/Img/img008-023.jpg,7
Data/Img/img008-024.jpg,7
Data/Img/img008-025.jpg,7
Data/Img/img008-026.jpg,7
Data/Img/img008-027.jpg,7
Data/Img/img008-028.jpg,7
Data/Img/img008-029.jpg,7
Data/Img/img008-030.jpg,7
Data/Img/img008-031.jpg,7
Data/Img/img008-032.jpg,7
Data/Img/img008-033.jpg,7
Data/Img/img008-034.jpg,7
Data/Img/img008-035.jpg,7
Data/Img/img008-036.jpg,7
Data/Img/img008-037.jpg,7
Data/Img/img008-038.jpg,7
Data/Img/img008-039.jpg,7
Data/Img/img008-040.jpg,7
Data/Img/img008-041.jpg,7
Data/Img/img008-042.jpg,7
Data/Img/img008-043.jpg,7
Data/Img/img008-044.jpg,7
Data/Img/img008-045.jpg,7
Data/Img/img008-046.jpg,7
Data/Img/img008-047.jpg,7
Data/Img/img008-048.jpg,7
Data/Img/img008-049.jpg,7
Data/Img/img008-050.jpg,7
Data/Img/img008-051.jpg,7
Data/Img/img008-052.jpg,7
Data/Img/img008-053.jpg,7
Data/Img/img008-054.jpg,7
Data/Img/img008-055.jpg,7
Data/Img/img009-001.jpg,8
Data/Img/img009-002.jpg,8
Data/Img/img009-003.jpg,8
Data/Img/img009-004.jpg,8
Data/Img/img009-005.jpg,8
Data/Img/img009-006.jpg,8
Data/Img/img009-007.jpg,8
Data/Img/img009-008.jpg,8
Data/Img/img009-009.jpg,8
Data/Img/img009-010.jpg,8
Data/Img/img009-011.jpg,8
Data/Img/img009-012.jpg,8
Data/Img/img009-013.jpg,8
Data/Img/img009-014.jpg,8
Data/Img/img009-015.jpg,8
Data/Img/img009-016.jpg,8
Data/Img/img009-017.jpg,8
Data/Img/img009-018.jpg,8
Data/Img/img009-019.jpg,8
Data/Img/img009-020.jpg,8
Data/Img/img009-021.jpg,8
Data/Img/img009-022.jpg,8
Data/Img/img009-023.jpg,8
Data/Img/img009-024.jpg,8
Data/Img/img009-025.jpg,8
Data/Img/img009-026.jpg,8
Data/Img/img009-027.jpg,8
Data/Img/img009-028.jpg,8
Data/Img/img009-029.jpg,8
Data/Img/img009-030.jpg,8
Data/Img/img009-031.jpg,8
Data/Img/img009-032.jpg,8
Data/Img/img009-033.jpg,8
Data/Img/img009-034.jpg,8
Data/Img/img009-035.jpg,8
Data/Img/img009-036.jpg,8
Data/Img/img009-037.jpg,8
Data/Img/img009-038.jpg,8
Data/Img/img009-039.jpg,8
Data/Img/img009-040.jpg,8
Data/Img/img009-041.jpg,8
Data/Img/img009-042.jpg,8
Data/Img/img009-043.jpg,8
Data/Img/img009-044.jpg,8
Data/Img/img009-045.jpg,8
Data/Img/img009-046.jpg,8
Data/Img/img009-047.jpg,8
Data/Img/img009-048.jpg,8
Data/Img/img009-049.jpg,8
Data/Img/img009-050.jpg,8
Data/Img/img009-051.jpg,8
Data/Img/img009-052.jpg,8
Data/Img/img009-053.jpg,8
Data/Img/img009-054.jpg,8
Data/Img/img009-055.jpg,8
Data/Img/img010-001.jpg,9
Data/Img/img010-002.jpg,9
Data/Img/img010-003.jpg,9
Data/Img/img010-004.jpg,9
Data/Img/img010-005.jpg,9
Data/Img/img010-006.jpg,9
Data/Img/img010-007.jpg,9
Data/Img/img010-008.jpg,9
Data/Img/img010-009.jpg,9
Data/Img/img010-010.jpg,9
Data/Img/img010-011.jpg,9
Data/Img/img010-012.jpg,9
Data/Img/img010-013.jpg,9
Data/Img/img010-014.jpg,9
Data/Img/img010-015.jpg,9
Data/Img/img010-016.jpg,9
Data/Img/img010-017.jpg,9
Data/Img/img010-018.jpg,9
Data/Img/img010-019.jpg,9
Data/Img/img010-020.jpg,9
Data/Img/img010-021.jpg,9
Data/Img/img010-022.jpg,9
Data/Img/img010-023.jpg,9
Data/Img/img010-024.jpg,9
Data/Img/img010-025.jpg,9
Data/Img/img010-026.jpg,9
Data/Img/img010-027.jpg,9
Data/Img/img010-028.jpg,9
Data/Img/img010-029.jpg,9
Data/Img/img010-030.jpg,9
Data/Img/img010-031.jpg,9
Data/Img/img010-032.jpg,9
Data/Img/img010-033.jpg,9
Data/Img/img010-034.jpg,9
Data/Img/img010-035.jpg,9
Data/Img/img010-036.jpg,9
Data/Img/img010-037.jpg,9
Data/Img/img010-038.jpg,9
Data/Img/img010-039.jpg,9
Data/Img/img010-040.jpg,9
Data/Img/img010-041.jpg,9
Data/Img/img010-042.jpg,9
Data/Img/img010-043.jpg,9
Data/Img/img010-044.jpg,9
Data/Img/img010-045.jpg,9
Data/Img/img010-046.jpg,9
Data/Img/img010-047.jpg,9
Data/Img/img010-048.jpg,9
Data/Img/img010-049.jpg,9
Data/Img/img010-050.jpg,9
Data/Img/img010-051.jpg,9
Data/Img/img010-052.jpg,9
Data/Img/img010-053.jpg,9
Data/Img/img010-054.jpg,9
Data/Img/img010-055.jpg,9
Data/Img/img011-001.jpg,A
Data/Img/img011-002.jpg,A
Data/Img/img011-003.jpg,A
Data/Img/img011-004.jpg,A
Data/Img/img011-005.jpg,A
Data/Img/img011-006.jpg,A
Data/Img/img011-007.jpg,A
Data/Img/img011-008.jpg,A
Data/Img/img011-009.jpg,A
Data/Img/img011-010.jpg,A
Data/Img/img011-011.jpg,A
Data/Img/img011-012.jpg,A
Data/Img/img011-013.jpg,A
Data/Img/img011-014.jpg,A
Data/Img/img011-015.jpg,A
Data/Img/img011-016.jpg,A
Data/Img/img011-017.jpg,A
Data/Img/img011-018.jpg,A
Data/Img/img011-019.jpg,A
Data/Img/img011-020.jpg,A
Data/Img/img011-021.jpg,A
Data/Img/img011-022.jpg,A
Data/Img/img011-023.jpg,A
Data/Img/img011-024.jpg,A
Data/Img/img011-025.jpg,A
Data/Img/img011-026.jpg,A
Data/Img/img011-027.jpg,A
Data/Img/img011-028.jpg,A
Data/Img/img011-029.jpg,A
Data/Img/img011-030.jpg,A
Data/Img/img011-031.jpg,A
Data/Img/img011-032.jpg,A
Data/Img/img011-033.jpg,A
Data/Img/img011-034.jpg,A
Data/Img/img011-035.jpg,A
Data/Img/img011-036.jpg,A
Data/Img/img011-037.jpg,A
Data/Img/img011-038.jpg,A
Data/Img/img011-039.jpg,A
Data/Img/img011-040.jpg,A
Data/Img/img011-041.jpg,A
Data/Img/img011-042.jpg,A
Data/Img/img011-043.jpg,A
Data/Img/img011-044.jpg,A
Data/Img/img011-045.jpg,A
Data/Img/img011-046.jpg,A
Data/Img/img011-047.jpg,A
Data/Img/img011-048.jpg,A
Data/Img/img011-049.jpg,A
Data/Img/img011-050.jpg,A
Data/Img/img011-051.jpg,A
Data/Img/img011-052.jpg,A
Data/Img/img011-053.jpg,A
Data/Img/img011-054.jpg,A
Data/Img/img011-055.jpg,A
Data/Img/img012-001.jpg,B
Data/Img/img012-002.jpg,B
Data/Img/img012-003.jpg,B
Data/Img/img012-004.jpg,B
Data/Img/img012-005.jpg,B
Data/Img/img012-006.jpg,B
Data/Img/img012-007.jpg,B
Data/Img/img012-008.jpg,B
Data/Img/img012-009.jpg,B
Data/Img/img012-010.jpg,B
Data/Img/img012-011.jpg,B
Data/Img/img012-012.jpg,B
Data/Img/img012-013.jpg,B
Data/Img/img012-014.jpg,B
Data/Img/img012-015.jpg,B
Data/Img/img012-016.jpg,B
Data/Img/img012-017.jpg,B
Data/Img/img012-018.jpg,B
Data/Img/img012-019.jpg,B
Data/Img/img012-020.jpg,B
Data/Img/img012-021.jpg,B
Data/Img/img012-022.jpg,B
Data/Img/img012-023.jpg,B
Data/Img/img012-024.jpg,B
Data/Img/img012-025.jpg,B
Data/Img/img012-026.jpg,B
Data/Img/img012-027.jpg,B
Data/Img/img012-028.jpg,B
Data/Img/img012-029.jpg,B
Data/Img/img012-030.jpg,B
Data/Img/img012-031.jpg,B
Data/Img/img012-032.jpg,B
Data/Img/img012-033.jpg,B
Data/Img/img012-034.jpg,B
Data/Img/img012-035.jpg,B
Data/Img/img012-036.jpg,B
Data/Img/img012-037.jpg,B
Data/Img/img012-038.jpg,B
Data/Img/img012-039.jpg,B
Data/Img/img012-040.jpg,B
Data/Img/img012-041.jpg,B
Data/Img/img012-042.jpg,B
Data/Img/img012-043.jpg,B
Data/Img/img012-044.jpg,B
Data/Img/img012-045.jpg,B
Data/Img/img012-046.jpg,B
Data/Img/img012-047.jpg,B
Data/Img/img012-048.jpg,B
Data/Img/img012-049.jpg,B
Data/Img/img012-050.jpg,B
Data/Img/img012-051.jpg,B
Data/Img/img012-052.jpg,B
Data/Img/img012-053.jpg,B
Data/Img/img012-054.jpg,B
Data/Img/img012-055.jpg,B
Data/Img/img013-001.jpg,C
Data/Img/img013-002.jpg,C
Data/Img/img013-003.jpg,C
Data/Img/img013-004.jpg,C
Data/Img/img013-005.jpg,C
Data/Img/img013-006.jpg,C
Data/Img/img013-007.jpg,C
Data/Img/img013-008.jpg,C
Data/Img/img013-009.jpg,C
Data/Img/img013-010.jpg,C
Data/Img/img013-011.jpg,C
Data/Img/img013-012.jpg,C
Data/Img/img013-013.jpg,C
Data/Img/img013-014.jpg,C
Data/Img/img013-015.jpg,C
Data/Img/img013-016.jpg,C
Data/Img/img013-017.jpg,C
Data/Img/img013-018.jpg,C
Data/Img/img013-019.jpg,C
Data/Img/img013-020.jpg,C
Data/Img/img013-021.jpg,C
Data/Img/img013-022.jpg,C
Data/Img/img013-023.jpg,C
Data/Img/img013-024.jpg,C
Data/Img/img013-025.jpg,C
Data/Img/img013-026.jpg,C
Data/Img/img013-027.jpg,C
Data/Img/img013-028.jpg,C
Data/Img/img013-029.jpg,C
Data/Img/img013-030.jpg,C
Data/Img/img013-031.jpg,C
Data/Img/img013-032.jpg,C
Data/Img/img013-033.jpg,C
Data/Img/img013-034.jpg,C
Data/Img/img013-035.jpg,C
Data/Img/img013-036.jpg,C
Data/Img/img013-037.jpg,C
Data/Img/img013-038.jpg,C
Data/Img/img013-039.jpg,C
Data/Img/img013-040.jpg,C
Data/Img/img013-041.jpg,C
Data/Img/img013-042.jpg,C
Data/Img/img013-043.jpg,C
Data/Img/img013-044.jpg,C
Data/Img/img013-045.jpg,C
Data/Img/img013-046.jpg,C
Data/Img/img013-047.jpg,C
Data/Img/img013-048.jpg,C
Data/Img/img013-049.jpg,C
Data/Img/img013-050.jpg,C
Data/Img/img013-051.jpg,C
Data/Img/img013-052.jpg,C
Data/Img/img013-053.jpg,C
Data/Img/img013-054.jpg,C
Data/Img/img013-055.jpg,C
Data/Img/img014-001.jpg,D
Data/Img/img014-002.jpg,D
Data/Img/img014-003.jpg,D
Data/Img/img014-004.jpg,D
Data/Img/img014-005.jpg,D
Data/Img/img014-006.jpg,D
Data/Img/img014-007.jpg,D
Data/Img/img014-008.jpg,D
Data/Img/img014-009.jpg,D
Data/Img/img014-010.jpg,D
Data/Img/img014-011.jpg,D
Data/Img/img014-012.jpg,D
Data/Img/img014-013.jpg,D
Data/Img/img014-014.jpg,D
Data/Img/img014-015.jpg,D
Data/Img/img014-016.jpg,D
Data/Img/img014-017.jpg,D
Data/Img/img014-018.jpg,D
Data/Img/img014-019.jpg,D
Data/Img/img014-020.jpg,D
Data/Img/img014-021.jpg,D
Data/Img/img014-022.jpg,D
Data/Img/img014-023.jpg,D
Data/Img/img014-024.jpg,D
Data/Img/img014-025.jpg,D
Data/Img/img014-026.jpg,D
Data/Img/img014-027.jpg,D
Data/Img/img014-028.jpg,D
Data/Img/img014-029.jpg,D
Data/Img/img014-030.jpg,D
Data/Img/img014-031.jpg,D
Data/Img/img014-032.jpg,D
Data/Img/img014-033.jpg,D
Data/Img/img014-034.jpg,D
Data/Img/img014-035.jpg,D
Data/Img/img014-036.jpg,D
Data/Img/img014-037.jpg,D
Data/Img/img014-038.jpg,D
Data/Img/img014-039.jpg,D
Data/Img/img014-040.jpg,D
Data/Img/img014-041.jpg,D
Data/Img/img014-042.jpg,D
Data/Img/img014-043.jpg,D
Data/Img/img014-044.jpg,D
Data/Img/img014-045.jpg,D
Data/Img/img014-046.jpg,D
Data/Img/img014-047.jpg,D
Data/Img/img014-048.jpg,D
Data/Img/img014-049.jpg,D
Data/Img/img014-050.jpg,D
Data/Img/img014-051.jpg,D
Data/Img/img014-052.jpg,D
Data/Img/img014-053.jpg,D
Data/Img/img014-054.jpg,D
Data/Img/img014-055.jpg,D
Data/Img/img015-001.jpg,E
Data/Img/img015-002.jpg,E
Data/Img/img015-003.jpg,E
Data/Img/img015-004.jpg,E
Data/Img/img015-005.jpg,E
Data/Img/img015-006.jpg,E
Data/Img/img015-007.jpg,E
Data/Img/img015-008.jpg,E
Data/Img/img015-009.jpg,E
Data/Img/img015-010.jpg,E
Data/Img/img015-011.jpg,E
Data/Img/img015-012.jpg,E
Data/Img/img015-013.jpg,E
Data/Img/img015-014.jpg,E
Data/Img/img015-015.jpg,E
Data/Img/img015-016.jpg,E
Data/Img/img015-017.jpg,E
Data/Img/img015-018.jpg,E
Data/Img/img015-019.jpg,E
Data/Img/img015-020.jpg,E
Data/Img/img015-021.jpg,E
Data/Img/img015-022.jpg,E
Data/Img/img015-023.jpg,E
Data/Img/img015-024.jpg,E
Data/Img/img015-025.jpg,E
Data/Img/img015-026.jpg,E
Data/Img/img015-027.jpg,E
Data/Img/img015-028.jpg,E
Data/Img/img015-029.jpg,E
Data/Img/img015-030.jpg,E
Data/Img/img015-031.jpg,E
Data/Img/img015-032.jpg,E
Data/Img/img015-033.jpg,E
Data/Img/img015-034.jpg,E
Data/Img/img015-035.jpg,E
Data/Img/img015-036.jpg,E
Data/Img/img015-037.jpg,E
Data/Img/img015-038.jpg,E
Data/Img/img015-039.jpg,E
Data/Img/img015-040.jpg,E
Data/Img/img015-041.jpg,E
Data/Img/img015-042.jpg,E
Data/Img/img015-043.jpg,E
Data/Img/img015-044.jpg,E
Data/Img/img015-045.jpg,E
Data/Img/img015-046.jpg,E
Data/Img/img015-047.jpg,E
Data/Img/img015-048.jpg,E
Data/Img/img015-049.jpg,E
Data/Img/img015-050.jpg,E
Data/Img/img015-051.jpg,E
Data/Img/img015-052.jpg,E
Data/Img/img015-053.jpg,E
Data/Img/img015-054.jpg,E
Data/Img/img015-055.jpg,E
Data/Img/img016-001.jpg,F
Data/Img/img016-002.jpg,F
Data/Img/img016-003.jpg,F
Data/Img/img016-004.jpg,F
Data/Img/img016-005.jpg,F
Data/Img/img016-006.jpg,F
Data/Img/img016-007.jpg,F
Data/Img/img016-008.jpg,F
Data/Img/img016-009.jpg,F
Data/Img/img016-010.jpg,F
Data/Img/img016-011.jpg,F
Data/Img/img016-012.jpg,F
Data/Img/img016-013.jpg,F
Data/Img/img016-014.jpg,F
Data/Img/img016-015.jpg,F
Data/Img/img016-016.jpg,F
Data/Img/img016-017.jpg,F
Data/Img/img016-018.jpg,F
Data/Img/img016-019.jpg,F
Data/Img/img016-020.jpg,F
Data/Img/img016-021.jpg,F
Data/Img/img016-022.jpg,F
Data/Img/img016-023.jpg,F
Data/Img/img016-024.jpg,F
Data/Img/img016-025.jpg,F
Data/Img/img016-026.jpg,F
Data/Img/img016-027.jpg,F
Data/Img/img016-028.jpg,F
Data/Img/img016-029.jpg,F
Data/Img/img016-030.jpg,F
Data/Img/img016-031.jpg,F
Data/Img/img016-032.jpg,F
Data/Img/img016-033.jpg,F
Data/Img/img016-034.jpg,F
Data/Img/img016-035.jpg,F
Data/Img/img016-036.jpg,F
Data/Img/img016-037.jpg,F
Data/Img/img016-038.jpg,F
Data/Img/img016-039.jpg,F
Data/Img/img016-040.jpg,F
Data/Img/img016-041.jpg,F
Data/Img/img016-042.jpg,F
Data/Img/img016-043.jpg,F
Data/Img/img016-044.jpg,F
Data/Img/img016-045.jpg,F
Data/Img/img016-046.jpg,F
Data/Img/img016-047.jpg,F
Data/Img/img016-048.jpg,F
Data/Img/img016-049.jpg,F
Data/Img/img016-050.jpg,F
Data/Img/img016-051.jpg,F
Data/Img/img016-052.jpg,F
Data/Img/img016-053.jpg,F
Data/Img/img016-054.jpg,F
Data/Img/img016-055.jpg,F
Data/Img/img017-001.jpg,G
Data/Img/img017-002.jpg,G
Data/Img/img017-003.jpg,G
Data/Img/img017-004.jpg,G
Data/Img/img017-005.jpg,G
Data/Img/img017-006.jpg,G
Data/Img/img017-007.jpg,G
Data/Img/img017-008.jpg,G
Data/Img/img017-009.jpg,G
Data/Img/img017-010.jpg,G
Data/Img/img017-011.jpg,G
Data/Img/img017-012.jpg,G
Data/Img/img017-013.jpg,G
Data/Img/img017-014.jpg,G
Data/Img/img017-015.jpg,G
Data/Img/img017-016.jpg,G
Data/Img/img017-017.jpg,G
Data/Img/img017-018.jpg,G
Data/Img/img017-019.jpg,G
Data/Img/img017-020.jpg,G
Data/Img/img017-021.jpg,G
Data/Img/img017-022.jpg,G
Data/Img/img017-023.jpg,G
Data/Img/img017-024.jpg,G
Data/Img/img017-025.jpg,G
Data/Img/img017-026.jpg,G
Data/Img/img017-027.jpg,G
Data/Img/img017-028.jpg,G
Data/Img/img017-029.jpg,G
Data/Img/img017-030.jpg,G
Data/Img/img017-031.jpg,G
Data/Img/img017-032.jpg,G
Data/Img/img017-033.jpg,G
Data/Img/img017-034.jpg,G
Data/Img/img017-035.jpg,G
Data/Img/img017-036.jpg,G
Data/Img/img017-037.jpg,G
Data/Img/img017-038.jpg,G
Data/Img/img017-039.jpg,G
Data/Img/img017-040.jpg,G
Data/Img/img017-041.jpg,G
Data/Img/img017-042.jpg,G
Data/Img/img017-043.jpg,G
Data/Img/img017-044.jpg,G
Data/Img/img017-045.jpg,G
Data/Img/img017-046.jpg,G
Data/Img/img017-047.jpg,G
Data/Img/img017-048.jpg,G
Data/Img/img017-049.jpg,G
Data/Img/img017-050.jpg,G
Data/Img/img017-051.jpg,G
Data/Img/img017-052.jpg,G
Data/Img/img017-053.jpg,G
Data/Img/img017-054.jpg,G
Data/Img/img017-055.jpg,G
Data/Img/img018-001.jpg,H
Data/Img/img018-002.jpg,H
Data/Img/img018-003.jpg,H
Data/Img/img018-004.jpg,H
Data/Img/img018-005.jpg,H
Data/Img/img018-006.jpg,H
Data/Img/img018-007.jpg,H
Data/Img/img018-008.jpg,H
Data/Img/img018-009.jpg,H
Data/Img/img018-010.jpg,H
Data/Img/img018-011.jpg,H
Data/Img/img018-012.jpg,H
Data/Img/img018-013.jpg,H
Data/Img/img018-014.jpg,H
Data/Img/img018-015.jpg,H
Data/Img/img018-016.jpg,H
Data/Img/img018-017.jpg,H
Data/Img/img018-018.jpg,H
Data/Img/img018-019.jpg,H
Data/Img/img018-020.jpg,H
Data/Img/img018-021.jpg,H
Data/Img/img018-022.jpg,H
Data/Img/img018-023.jpg,H
Data/Img/img018-024.jpg,H
Data/Img/img018-025.jpg,H
Data/Img/img018-026.jpg,H
Data/Img/img018-027.jpg,H
Data/Img/img018-028.jpg,H
Data/Img/img018-029.jpg,H
Data/Img/img018-030.jpg,H
Data/Img/img018-031.jpg,H
Data/Img/img018-032.jpg,H
Data/Img/img018-033.jpg,H
Data/Img/img018-034.jpg,H
Data/Img/img018-035.jpg,H
Data/Img/img018-036.jpg,H
Data/Img/img018-037.jpg,H
Data/Img/img018-038.jpg,H
Data/Img/img018-039.jpg,H
Data/Img/img018-040.jpg,H
Data/Img/img018-041.jpg,H
Data/Img/img018-042.jpg,H
Data/Img/img018-043.jpg,H
Data/Img/img018-044.jpg,H
Data/Img/img018-045.jpg,H
Data/Img/img018-046.jpg,H
Data/Img/img018-047.jpg,H
Data/Img/img018-048.jpg,H
Data/Img/img018-049.jpg,H
Data/Img/img018-050.jpg,H
Data/Img/img018-051.jpg,H
Data/Img/img018-052.jpg,H
Data/Img/img018-053.jpg,H
Data/Img/img018-054.jpg,H
Data/Img/img018-055.jpg,H
Data/Img/img019-001.jpg,I
Data/Img/img019-002.jpg,I
Data/Img/img019-003.jpg,I
Data/Img/img019-004.jpg,I
Data/Img/img019-005.jpg,I
Data/Img/img019-006.jpg,I
Data/Img/img019-007.jpg,I
Data/Img/img019-008.jpg,I
Data/Img/img019-009.jpg,I
Data/Img/img019-010.jpg,I
Data/Img/img019-011.jpg,I
Data/Img/img019-012.jpg,I
Data/Img/img019-013.jpg,I
Data/Img/img019-014.jpg,I
Data/Img/img019-015.jpg,I
Data/Img/img019-016.jpg,I
Data/Img/img019-017.jpg,I
Data/Img/img019-018.jpg,I
Data/Img/img019-019.jpg,I
Data/Img/img019-020.jpg,I
Data/Img/img019-021.jpg,I
Data/Img/img019-022.jpg,I
Data/Img/img019-023.jpg,I
Data/Img/img019-024.jpg,I
Data/Img/img019-025.jpg,I
Data/Img/img019-026.jpg,I
Data/Img/img019-027.jpg,I
Data/Img/img019-028.jpg,I
Data/Img/img019-029.jpg,I
Data/Img/img019-030.jpg,I
Data/Img/img019-031.jpg,I
Data/Img/img019-032.jpg,I
Data/Img/img019-033.jpg,I
Data/Img/img019-034.jpg,I
Data/Img/img019-035.jpg,I
Data/Img/img019-036.jpg,I
Data/Img/img019-037.jpg,I
Data/Img/img019-038.jpg,I
Data/Img/img019-039.jpg,I
Data/Img/img019-040.jpg,I
Data/Img/img019-041.jpg,I
Data/Img/img019-042.jpg,I
Data/Img/img019-043.jpg,I
Data/Img/img019-044.jpg,I
Data/Img/img019-045.jpg,I
Data/Img/img019-046.jpg,I
Data/Img/img019-047.jpg,I
Data/Img/img019-048.jpg,I
Data/Img/img019-049.jpg,I
Data/Img/img019-050.jpg,I
Data/Img/img019-051.jpg,I
Data/Img/img019-052.jpg,I
Data/Img/img019-053.jpg,I
Data/Img/img019-054.jpg,I
Data/Img/img019-055.jpg,I
Data/Img/img020-001.jpg,J
Data/Img/img020-002.jpg,J
Data/Img/img020-003.jpg,J
Data/Img/img020-004.jpg,J
Data/Img/img020-005.jpg,J
Data/Img/img020-006.jpg,J
Data/Img/img020-007.jpg,J
Data/Img/img020-008.jpg,J
Data/Img/img020-009.jpg,J
Data/Img/img020-010.jpg,J
Data/Img/img020-011.jpg,J
Data/Img/img020-012.jpg,J
Data/Img/img020-013.jpg,J
Data/Img/img020-014.jpg,J
Data/Img/img020-015.jpg,J
Data/Img/img020-016.jpg,J
Data/Img/img020-017.jpg,J
Data/Img/img020-018.jpg,J
Data/Img/img020-019.jpg,J
Data/Img/img020-020.jpg,J
Data/Img/img020-021.jpg,J
Data/Img/img020-022.jpg,J
Data/Img/img020-023.jpg,J
Data/Img/img020-024.jpg,J
Data/Img/img020-025.jpg,J
Data/Img/img020-026.jpg,J
Data/Img/img020-027.jpg,J
Data/Img/img020-028.jpg,J
Data/Img/img020-029.jpg,J
Data/Img/img020-030.jpg,J
Data/Img/img020-031.jpg,J
Data/Img/img020-032.jpg,J
Data/Img/img020-033.jpg,J
Data/Img/img020-034.jpg,J
Data/Img/img020-035.jpg,J
Data/Img/img020-036.jpg,J
Data/Img/img020-037.jpg,J
Data/Img/img020-038.jpg,J
Data/Img/img020-039.jpg,J
Data/Img/img020-040.jpg,J
Data/Img/img020-041.jpg,J
Data/Img/img020-042.jpg,J
Data/Img/img020-043.jpg,J
Data/Img/img020-044.jpg,J
Data/Img/img020-045.jpg,J
Data/Img/img020-046.jpg,J
Data/Img/img020-047.jpg,J
Data/Img/img020-048.jpg,J
Data/Img/img020-049.jpg,J
Data/Img/img020-050.jpg,J
Data/Img/img020-051.jpg,J
Data/Img/img020-052.jpg,J
Data/Img/img020-053.jpg,J
Data/Img/img020-054.jpg,J
Data/Img/img020-055.jpg,J
Data/Img/img021-001.jpg,K
Data/Img/img021-002.jpg,K
Data/Img/img021-003.jpg,K
Data/Img/img021-004.jpg,K
Data/Img/img021-005.jpg,K
Data/Img/img021-006.jpg,K
Data/Img/img021-007.jpg,K
Data/Img/img021-008.jpg,K
Data/Img/img021-009.jpg,K
Data/Img/img021-010.jpg,K
Data/Img/img021-011.jpg,K
Data/Img/img021-012.jpg,K
Data/Img/img021-013.jpg,K
Data/Img/img021-014.jpg,K
Data/Img/img021-015.jpg,K
Data/Img/img021-016.jpg,K
Data/Img/img021-017.jpg,K
Data/Img/img021-018.jpg,K
Data/Img/img021-019.jpg,K
Data/Img/img021-020.jpg,K
Data/Img/img021-021.jpg,K
Data/Img/img021-022.jpg,K
Data/Img/img021-023.jpg,K
Data/Img/img021-024.jpg,K
Data/Img/img021-025.jpg,K
Data/Img/img021-026.jpg,K
Data/Img/img021-027.jpg,K
Data/Img/img021-028.jpg,K
Data/Img/img021-029.jpg,K
Data/Img/img021-030.jpg,K
Data/Img/img021-031.jpg,K
Data/Img/img021-032.jpg,K
Data/Img/img021-033.jpg,K
Data/Img/img021-034.jpg,K
Data/Img/img021-035.jpg,K
Data/Img/img021-036.jpg,K
Data/Img/img021-037.jpg,K
Data/Img/img021-038.jpg,K
Data/Img/img021-039.jpg,K
Data/Img/img021-040.jpg,K
Data/Img/img021-041.jpg,K
Data/Img/img021-042.jpg,K
Data/Img/img021-043.jpg,K
Data/Img/img021-044.jpg,K
Data/Img/img021-045.jpg,K
Data/Img/img021-046.jpg,K
Data/Img/img021-047.jpg,K
Data/Img/img021-048.jpg,K
Data/Img/img021-049.jpg,K
Data/Img/img021-050.jpg,K
Data/Img/img021-051.jpg,K
Data/Img/img021-052.jpg,K
Data/Img/img021-053.jpg,K
Data/Img/img021-054.jpg,K
Data/Img/img021-055.jpg,K
Data/Img/img022-001.jpg,L
Data/Img/img022-002.jpg,L
Data/Img/img022-003.jpg,L
Data/Img/img022-004.jpg,L
Data/Img/img022-005.jpg,L
Data/Img/img022-006.jpg,L
Data/Img/img022-007.jpg,L
Data/Img/img022-008.jpg,L
Data/Img/img022-009.jpg,L
Data/Img/img022-010.jpg,L
Data/Img/img022-011.jpg,L
Data/Img/img022-012.jpg,L
Data/Img/img022-013.jpg,L
Data/Img/img022-014.jpg,L
Data/Img/img022-015.jpg,L
Data/Img/img022-016.jpg,L
Data/Img/img022-017.jpg,L
Data/Img/img022-018.jpg,L
Data/Img/img022-019.jpg,L
Data/Img/img022-020.jpg,L
Data/Img/img022-021.jpg,L
Data/Img/img022-022.jpg,L
Data/Img/img022-023.jpg,L
Data/Img/img022-024.jpg,L
Data/Img/img022-025.jpg,L
Data/Img/img022-026.jpg,L
Data/Img/img022-027.jpg,L
Data/Img/img022-028.jpg,L
Data/Img/img022-029.jpg,L
Data/Img/img022-030.jpg,L
Data/Img/img022-031.jpg,L
Data/Img/img022-032.jpg,L
Data/Img/img022-033.jpg,L
Data/Img/img022-034.jpg,L
Data/Img/img022-035.jpg,L
Data/Img/img022-036.jpg,L
Data/Img/img022-037.jpg,L
Data/Img/img022-038.jpg,L
Data/Img/img022-039.jpg,L
Data/Img/img022-040.jpg,L
Data/Img/img022-041.jpg,L
Data/Img/img022-042.jpg,L
Data/Img/img022-043.jpg,L
Data/Img/img022-044.jpg,L
Data/Img/img022-045.jpg,L
Data/Img/img022-046.jpg,L
Data/Img/img022-047.jpg,L
Data/Img/img022-048.jpg,L
Data/Img/img022-049.jpg,L
Data/Img/img022-050.jpg,L
Data/Img/img022-051.jpg,L
Data/Img/img022-052.jpg,L
Data/Img/img022-053.jpg,L
Data/Img/img022-054.jpg,L
Data/Img/img022-055.jpg,L
Data/Img/img023-001.jpg,M
Data/Img/img023-002.jpg,M
Data/Img/img023-003.jpg,M
Data/Img/img023-004.jpg,M
Data/Img/img023-005.jpg,M
Data/Img/img023-006.jpg,M
Data/Img/img023-007.jpg,M
Data/Img/img023-008.jpg,M
Data/Img/img023-009.jpg,M
Data/Img/img023-010.jpg,M
Data/Img/img023-011.jpg,M
Data/Img/img023-012.jpg,M
Data/Img/img023-013.jpg,M
Data/Img/img023-014.jpg,M
Data/Img/img023-015.jpg,M
Data/Img/img023-016.jpg,M
Data/Img/img023-017.jpg,M
Data/Img/img023-018.jpg,M
Data/Img/img023-019.jpg,M
Data/Img/img023-020.jpg,M
Data/Img/img023-021.jpg,M
Data/Img/img023-022.jpg,M
Data/Img/img023-023.jpg,M
Data/Img/img023-024.jpg,M
Data/Img/img023-025.jpg,M
Data/Img/img023-026.jpg,M
Data/Img/img023-027.jpg,M
Data/Img/img023-028.jpg,M
Data/Img/img023-029.jpg,M
Data/Img/img023-030.jpg,M
Data/Img/img023-031.jpg,M
Data/Img/img023-032.jpg,M
Data/Img/img023-033.jpg,M
Data/Img/img023-034.jpg,M
Data/Img/img023-035.jpg,M
Data/Img/img023-036.jpg,M
Data/Img/img023-037.jpg,M
Data/Img/img023-038.jpg,M
Data/Img/img023-039.jpg,M
Data/Img/img023-040.jpg,M
Data/Img/img023-041.jpg,M
Data/Img/img023-042.jpg,M
Data/Img/img023-043.jpg,M
Data/Img/img023-044.jpg,M
Data/Img/img023-045.jpg,M
Data/Img/img023-046.jpg,M
Data/Img/img023-047.jpg,M
Data/Img/img023-048.jpg,M
Data/Img/img023-049.jpg,M
Data/Img/img023-050.jpg,M
Data/Img/img023-051.jpg,M
Data/Img/img023-052.jpg,M
Data/Img/img023-053.jpg,M
Data/Img/img023-054.jpg,M
Data/Img/img023-055.jpg,M
Data/Img/img024-001.jpg,N
Data/Img/img024-002.jpg,N
Data/Img/img024-003.jpg,N
Data/Img/img024-004.jpg,N
Data/Img/img024-005.jpg,N
Data/Img/img024-006.jpg,N
Data/Img/img024-007.jpg,N
Data/Img/img024-008.jpg,N
Data/Img/img024-009.jpg,N
Data/Img/img024-010.jpg,N
Data/Img/img024-011.jpg,N
Data/Img/img024-012.jpg,N
Data/Img/img024-013.jpg,N
Data/Img/img024-014.jpg,N
Data/Img/img024-015.jpg,N
Data/Img/img024-016.jpg,N
Data/Img/img024-017.jpg,N
Data/Img/img024-018.jpg,N
Data/Img/img024-019.jpg,N
Data/Img/img024-020.jpg,N
Data/Img/img024-021.jpg,N
Data/Img/img024-022.jpg,N
Data/Img/img024-023.jpg,N
Data/Img/img024-024.jpg,N
Data/Img/img024-025.jpg,N
Data/Img/img024-026.jpg,N
Data/Img/img024-027.jpg,N
Data/Img/img024-028.jpg,N
Data/Img/img024-029.jpg,N
Data/Img/img024-030.jpg,N
Data/Img/img024-031.jpg,N
Data/Img/img024-032.jpg,N
Data/Img/img024-033.jpg,N
Data/Img/img024-034.jpg,N
Data/Img/img024-035.jpg,N
Data/Img/img024-036.jpg,N
Data/Img/img024-037.jpg,N
Data/Img/img024-038.jpg,N
Data/Img/img024-039.jpg,N
Data/Img/img024-040.jpg,N
Data/Img/img024-041.jpg,N
Data/Img/img024-042.jpg,N
Data/Img/img024-043.jpg,N
Data/Img/img024-044.jpg,N
Data/Img/img024-045.jpg,N
Data/Img/img024-046.jpg,N
Data/Img/img024-047.jpg,N
Data/Img/img024-048.jpg,N
Data/Img/img024-049.jpg,N
Data/Img/img024-050.jpg,N
Data/Img/img024-051.jpg,N
Data/Img/img024-052.jpg,N
Data/Img/img024-053.jpg,N
Data/Img/img024-054.jpg,N
Data/Img/img024-055.jpg,N
Data/Img/img025-001.jpg,O
Data/Img/img025-002.jpg,O
Data/Img/img025-003.jpg,O
Data/Img/img025-004.jpg,O
Data/Img/img025-005.jpg,O
Data/Img/img025-006.jpg,O
Data/Img/img025-007.jpg,O
Data/Img/img025-008.jpg,O
Data/Img/img025-009.jpg,O
Data/Img/img025-010.jpg,O
Data/Img/img025-011.jpg,O
Data/Img/img025-012.jpg,O
Data/Img/img025-013.jpg,O
Data/Img/img025-014.jpg,O
Data/Img/img025-015.jpg,O
Data/Img/img025-016.jpg,O
Data/Img/img025-017.jpg,O
Data/Img/img025-018.jpg,O
Data/Img/img025-019.jpg,O
Data/Img/img025-020.jpg,O
Data/Img/img025-021.jpg,O
Data/Img/img025-022.jpg,O
Data/Img/img025-023.jpg,O
Data/Img/img025-024.jpg,O
Data/Img/img025-025.jpg,O
Data/Img/img025-026.jpg,O
Data/Img/img025-027.jpg,O
Data/Img/img025-028.jpg,O
Data/Img/img025-029.jpg,O
Data/Img/img025-030.jpg,O
Data/Img/img025-031.jpg,O
Data/Img/img025-032.jpg,O
Data/Img/img025-033.jpg,O
Data/Img/img025-034.jpg,O
Data/Img/img025-035.jpg,O
Data/Img/img025-036.jpg,O
Data/Img/img025-037.jpg,O
Data/Img/img025-038.jpg,O
Data/Img/img025-039.jpg,O
Data/Img/img025-040.jpg,O
Data/Img/img025-041.jpg,O
Data/Img/img025-042.jpg,O
Data/Img/img025-043.jpg,O
Data/Img/img025-044.jpg,O
Data/Img/img025-045.jpg,O
Data/Img/img025-046.jpg,O
Data/Img/img025-047.jpg,O
Data/Img/img025-048.jpg,O
Data/Img/img025-049.jpg,O
Data/Img/img025-050.jpg,O
Data/Img/img025-051.jpg,O
Data/Img/img025-052.jpg,O
Data/Img/img025-053.jpg,O
Data/Img/img025-054.jpg,O
Data/Img/img025-055.jpg,O
Data/Img/img026-001.jpg,P
Data/Img/img026-002.jpg,P
Data/Img/img026-003.jpg,P
Data/Img/img026-004.jpg,P
Data/Img/img026-005.jpg,P
Data/Img/img026-006.jpg,P
Data/Img/img026-007.jpg,P
Data/Img/img026-008.jpg,P
Data/Img/img026-009.jpg,P
Data/Img/img026-010.jpg,P
Data/Img/img026-011.jpg,P
Data/Img/img026-012.jpg,P
Data/Img/img026-013.jpg,P
Data/Img/img026-014.jpg,P
Data/Img/img026-015.jpg,P
Data/Img/img026-016.jpg,P
Data/Img/img026-017.jpg,P
Data/Img/img026-018.jpg,P
Data/Img/img026-019.jpg,P
Data/Img/img026-020.jpg,P
Data/Img/img026-021.jpg,P
Data/Img/img026-022.jpg,P
Data/Img/img026-023.jpg,P
Data/Img/img026-024.jpg,P
Data/Img/img026-025.jpg,P
Data/Img/img026-026.jpg,P
Data/Img/img026-027.jpg,P
Data/Img/img026-028.jpg,P
Data/Img/img026-029.jpg,P
Data/Img/img026-030.jpg,P
Data/Img/img026-031.jpg,P
Data/Img/img026-032.jpg,P
Data/Img/img026-033.jpg,P
Data/Img/img026-034.jpg,P
Data/Img/img026-035.jpg,P
Data/Img/img026-036.jpg,P
Data/Img/img026-037.jpg,P
Data/Img/img026-038.jpg,P
Data/Img/img026-039.jpg,P
Data/Img/img026-040.jpg,P
Data/Img/img026-041.jpg,P
Data/Img/img026-042.jpg,P
Data/Img/img026-043.jpg,P
Data/Img/img026-044.jpg,P
Data/Img/img026-045.jpg,P
Data/Img/img026-046.jpg,P
Data/Img/img026-047.jpg,P
Data/Img/img026-048.jpg,P
Data/Img/img026-049.jpg,P
Data/Img/img026-050.jpg,P
Data/Img/img026-051.jpg,P
Data/Img/img026-052.jpg,P
Data/Img/img026-053.jpg,P
Data/Img/img026-054.jpg,P
Data/Img/img026-055.jpg,P
Data/Img/img027-001.jpg,Q
Data/Img/img027-002.jpg,Q
Data/Img/img027-003.jpg,Q
Data/Img/img027-004.jpg,Q
Data/Img/img027-005.jpg,Q
Data/Img/img027-006.jpg,Q
Data/Img/img027-007.jpg,Q
Data/Img/img027-008.jpg,Q
Data/Img/img027-009.jpg,Q
Data/Img/img027-010.jpg,Q
Data/Img/img027-011.jpg,Q
Data/Img/img027-012.jpg,Q
Data/Img/img027-013.jpg,Q
Data/Img/img027-014.jpg,Q
Data/Img/img027-015.jpg,Q
Data/Img/img027-016.jpg,Q
Data/Img/img027-017.jpg,Q
Data/Img/img027-018.jpg,Q
Data/Img/img027-019.jpg,Q
Data/Img/img027-020.jpg,Q
Data/Img/img027-021.jpg,Q
Data/Img/img027-022.jpg,Q
Data/Img/img027-023.jpg,Q
Data/Img/img027-024.jpg,Q
Data/Img/img027-025.jpg,Q
Data/Img/img027-026.jpg,Q
Data/Img/img027-027.jpg,Q
Data/Img/img027-028.jpg,Q
Data/Img/img027-029.jpg,Q
Data/Img/img027-030.jpg,Q
Data/Img/img027-031.jpg,Q
Data/Img/img027-032.jpg,Q
Data/Img/img027-033.jpg,Q
Data/Img/img027-034.jpg,Q
Data/Img/img027-035.jpg,Q
Data/Img/img027-036.jpg,Q
Data/Img/img027-037.jpg,Q
Data/Img/img027-038.jpg,Q
Data/Img/img027-039.jpg,Q
Data/Img/img027-040.jpg,Q
Data/Img/img027-041.jpg,Q
Data/Img/img027-042.jpg,Q
Data/Img/img027-043.jpg,Q
Data/Img/img027-044.jpg,Q
Data/Img/img027-045.jpg,Q
Data/Img/img027-046.jpg,Q
Data/Img/img027-047.jpg,Q
Data/Img/img027-048.jpg,Q
Data/Img/img027-049.jpg,Q
Data/Img/img027-050.jpg,Q
Data/Img/img027-051.jpg,Q
Data/Img/img027-052.jpg,Q
Data/Img/img027-053.jpg,Q
Data/Img/img027-054.jpg,Q
Data/Img/img027-055.jpg,Q
Data/Img/img028-001.jpg,R
Data/Img/img028-002.jpg,R
Data/Img/img028-003.jpg,R
Data/Img/img028-004.jpg,R
Data/Img/img028-005.jpg,R
Data/Img/img028-006.jpg,R
Data/Img/img028-007.jpg,R
Data/Img/img028-008.jpg,R
Data/Img/img028-009.jpg,R
Data/Img/img028-010.jpg,R
Data/Img/img028-011.jpg,R
Data/Img/img028-012.jpg,R
Data/Img/img028-013.jpg,R
Data/Img/img028-014.jpg,R
Data/Img/img028-015.jpg,R
Data/Img/img028-016.jpg,R
Data/Img/img028-017.jpg,R
Data/Img/img028-018.jpg,R
Data/Img/img028-019.jpg,R
Data/Img/img028-020.jpg,R
Data/Img/img028-021.jpg,R
Data/Img/img028-022.jpg,R
Data/Img/img028-023.jpg,R
Data/Img/img028-024.jpg,R
Data/Img/img028-025.jpg,R
Data/Img/img028-026.jpg,R
Data/Img/img028-027.jpg,R
Data/Img/img028-028.jpg,R
Data/Img/img028-029.jpg,R
Data/Img/img028-030.jpg,R
Data/Img/img028-031.jpg,R
Data/Img/img028-032.jpg,R
Data/Img/img028-033.jpg,R
Data/Img/img028-034.jpg,R
Data/Img/img028-035.jpg,R
Data/Img/img028-036.jpg,R
Data/Img/img028-037.jpg,R
Data/Img/img028-038.jpg,R
Data/Img/img028-039.jpg,R
Data/Img/img028-040.jpg,R
Data/Img/img028-041.jpg,R
Data/Img/img028-042.jpg,R
Data/Img/img028-043.jpg,R
Data/Img/img028-044.jpg,R
Data/Img/img028-045.jpg,R
Data/Img/img028-046.jpg,R
Data/Img/img028-047.jpg,R
Data/Img/img028-048.jpg,R
Data/Img/img028-049.jpg,R
Data/Img/img028-050.jpg,R
Data/Img/img028-051.jpg,R
Data/Img/img028-052.jpg,R
Data/Img/img028-053.jpg,R
Data/Img/img028-054.jpg,R
Data/Img/img028-055.jpg,R
Data/Img/img029-001.jpg,S
Data/Img/img029-002.jpg,S
Data/Img/img029-003.jpg,S
Data/Img/img029-004.jpg,S
Data/Img/img029-005.jpg,S
Data/Img/img029-006.jpg,S
Data/Img/img029-007.jpg,S
Data/Img/img029-008.jpg,S
Data/Img/img029-009.jpg,S
Data/Img/img029-010.jpg,S
Data/Img/img029-011.jpg,S
Data/Img/img029-012.jpg,S
Data/Img/img029-013.jpg,S
Data/Img/img029-014.jpg,S
Data/Img/img029-015.jpg,S
Data/Img/img029-016.jpg,S
Data/Img/img029-017.jpg,S
Data/Img/img029-018.jpg,S
Data/Img/img029-019.jpg,S
Data/Img/img029-020.jpg,S
Data/Img/img029-021.jpg,S
Data/Img/img029-022.jpg,S
Data/Img/img029-023.jpg,S
Data/Img/img029-024.jpg,S
Data/Img/img029-025.jpg,S
Data/Img/img029-026.jpg,S
Data/Img/img029-027.jpg,S
Data/Img/img029-028.jpg,S
Data/Img/img029-029.jpg,S
Data/Img/img029-030.jpg,S
Data/Img/img029-031.jpg,S
Data/Img/img029-032.jpg,S
Data/Img/img029-033.jpg,S
Data/Img/img029-034.jpg,S
Data/Img/img029-035.jpg,S
Data/Img/img029-036.jpg,S
Data/Img/img029-037.jpg,S
Data/Img/img029-038.jpg,S
Data/Img/img029-039.jpg,S
Data/Img/img029-040.jpg,S
Data/Img/img029-041.jpg,S
Data/Img/img029-042.jpg,S
Data/Img/img029-043.jpg,S
Data/Img/img029-044.jpg,S
Data/Img/img029-045.jpg,S
Data/Img/img029-046.jpg,S
Data/Img/img029-047.jpg,S
Data/Img/img029-048.jpg,S
Data/Img/img029-049.jpg,S
Data/Img/img029-050.jpg,S
Data/Img/img029-051.jpg,S
Data/Img/img029-052.jpg,S
Data/Img/img029-053.jpg,S
Data/Img/img029-054.jpg,S
Data/Img/img029-055.jpg,S
Data/Img/img030-001.jpg,T
Data/Img/img030-002.jpg,T
Data/Img/img030-003.jpg,T
Data/Img/img030-004.jpg,T
Data/Img/img030-005.jpg,T
Data/Img/img030-006.jpg,T
Data/Img/img030-007.jpg,T
Data/Img/img030-008.jpg,T
Data/Img/img030-009.jpg,T
Data/Img/img030-010.jpg,T
Data/Img/img030-011.jpg,T
Data/Img/img030-012.jpg,T
Data/Img/img030-013.jpg,T
Data/Img/img030-014.jpg,T
Data/Img/img030-015.jpg,T
Data/Img/img030-016.jpg,T
Data/Img/img030-017.jpg,T
Data/Img/img030-018.jpg,T
Data/Img/img030-019.jpg,T
Data/Img/img030-020.jpg,T
Data/Img/img030-021.jpg,T
Data/Img/img030-022.jpg,T
Data/Img/img030-023.jpg,T
Data/Img/img030-024.jpg,T
Data/Img/img030-025.jpg,T
Data/Img/img030-026.jpg,T
Data/Img/img030-027.jpg,T
Data/Img/img030-028.jpg,T
Data/Img/img030-029.jpg,T
Data/Img/img030-030.jpg,T
Data/Img/img030-031.jpg,T
Data/Img/img030-032.jpg,T
Data/Img/img030-033.jpg,T
Data/Img/img030-034.jpg,T
Data/Img/img030-035.jpg,T
Data/Img/img030-036.jpg,T
Data/Img/img030-037.jpg,T
Data/Img/img030-038.jpg,T
Data/Img/img030-039.jpg,T
Data/Img/img030-040.jpg,T
Data/Img/img030-041.jpg,T
Data/Img/img030-042.jpg,T
Data/Img/img030-043.jpg,T
Data/Img/img030-044.jpg,T
Data/Img/img030-045.jpg,T
Data/Img/img030-046.jpg,T
Data/Img/img030-047.jpg,T
Data/Img/img030-048.jpg,T
Data/Img/img030-049.jpg,T
Data/Img/img030-050.jpg,T
Data/Img/img030-051.jpg,T
Data/Img/img030-052.jpg,T
Data/Img/img030-053.jpg,T
Data/Img/img030-054.jpg,T
Data/Img/img030-055.jpg,T
Data/Img/img031-001.jpg,U
Data/Img/img031-002.jpg,U
Data/Img/img031-003.jpg,U
Data/Img/img031-004.jpg,U
Data/Img/img031-005.jpg,U
Data/Img/img031-006.jpg,U
Data/Img/img031-007.jpg,U
Data/Img/img031-008.jpg,U
Data/Img/img031-009.jpg,U
Data/Img/img031-010.jpg,U
Data/Img/img031-011.jpg,U
Data/Img/img031-012.jpg,U
Data/Img/img031-013.jpg,U
Data/Img/img031-014.jpg,U
Data/Img/img031-015.jpg,U
Data/Img/img031-016.jpg,U
Data/Img/img031-017.jpg,U
Data/Img/img031-018.jpg,U
Data/Img/img031-019.jpg,U
Data/Img/img031-020.jpg,U
Data/Img/img031-021.jpg,U
Data/Img/img031-022.jpg,U
Data/Img/img031-023.jpg,U
Data/Img/img031-024.jpg,U
Data/Img/img031-025.jpg,U
Data/Img/img031-026.jpg,U
Data/Img/img031-027.jpg,U
Data/Img/img031-028.jpg,U
Data/Img/img031-029.jpg,U
Data/Img/img031-030.jpg,U
Data/Img/img031-031.jpg,U
Data/Img/img031-032.jpg,U
Data/Img/img031-033.jpg,U
Data/Img/img031-034.jpg,U
Data/Img/img031-035.jpg,U
Data/Img/img031-036.jpg,U
Data/Img/img031-037.jpg,U
Data/Img/img031-038.jpg,U
Data/Img/img031-039.jpg,U
Data/Img/img031-040.jpg,U
Data/Img/img031-041.jpg,U
Data/Img/img031-042.jpg,U
Data/Img/img031-043.jpg,U
Data/Img/img031-044.jpg,U
Data/Img/img031-045.jpg,U
Data/Img/img031-046.jpg,U
Data/Img/img031-047.jpg,U
Data/Img/img031-048.jpg,U
Data/Img/img031-049.jpg,U
Data/Img/img031-050.jpg,U
Data/Img/img031-051.jpg,U
Data/Img/img031-052.jpg,U
Data/Img/img031-053.jpg,U
Data/Img/img031-054.jpg,U
Data/Img/img031-055.jpg,U
Data/Img/img032-001.jpg,V
Data/Img/img032-002.jpg,V
Data/Img/img032-003.jpg,V
Data/Img/img032-004.jpg,V
Data/Img/img032-005.jpg,V
Data/Img/img032-006.jpg,V
Data/Img/img032-007.jpg,V
Data/Img/img032-008.jpg,V
Data/Img/img032-009.jpg,V
Data/Img/img032-010.jpg,V
Data/Img/img032-011.jpg,V
Data/Img/img032-012.jpg,V
Data/Img/img032-013.jpg,V
Data/Img/img032-014.jpg,V
Data/Img/img032-015.jpg,V
Data/Img/img032-016.jpg,V
Data/Img/img032-017.jpg,V
Data/Img/img032-018.jpg,V
Data/Img/img032-019.jpg,V
Data/Img/img032-020.jpg,V
Data/Img/img032-021.jpg,V
Data/Img/img032-022.jpg,V
Data/Img/img032-023.jpg,V
Data/Img/img032-024.jpg,V
Data/Img/img032-025.jpg,V
Data/Img/img032-026.jpg,V
Data/Img/img032-027.jpg,V
Data/Img/img032-028.jpg,V
Data/Img/img032-029.jpg,V
Data/Img/img032-030.jpg,V
Data/Img/img032-031.jpg,V
Data/Img/img032-032.jpg,V
Data/Img/img032-033.jpg,V
Data/Img/img032-034.jpg,V
Data/Img/img032-035.jpg,V
Data/Img/img032-036.jpg,V
Data/Img/img032-037.jpg,V
Data/Img/img032-038.jpg,V
Data/Img/img032-039.jpg,V
Data/Img/img032-040.jpg,V
Data/Img/img032-041.jpg,V
Data/Img/img032-042.jpg,V
Data/Img/img032-043.jpg,V
Data/Img/img032-044.jpg,V
Data/Img/img032-045.jpg,V
Data/Img/img032-046.jpg,V
Data/Img/img032-047.jpg,V
Data/Img/img032-048.jpg,V
Data/Img/img032-049.jpg,V
Data/Img/img032-050.jpg,V
Data/Img/img032-051.jpg,V
Data/Img/img032-052.jpg,V
Data/Img/img032-053.jpg,V
Data/Img/img032-054.jpg,V
Data/Img/img032-055.jpg,V
Data/Img/img033-001.jpg,W
Data/Img/img033-002.jpg,W
Data/Img/img033-003.jpg,W
Data/Img/img033-004.jpg,W
Data/Img/img033-005.jpg,W
Data/Img/img033-006.jpg,W
Data/Img/img033-007.jpg,W
Data/Img/img033-008.jpg,W
Data/Img/img033-009.jpg,W
Data/Img/img033-010.jpg,W
Data/Img/img033-011.jpg,W
Data/Img/img033-012.jpg,W
Data/Img/img033-013.jpg,W
Data/Img/img033-014.jpg,W
Data/Img/img033-015.jpg,W
Data/Img/img033-016.jpg,W
Data/Img/img033-017.jpg,W
Data/Img/img033-018.jpg,W
Data/Img/img033-019.jpg,W
Data/Img/img033-020.jpg,W
Data/Img/img033-021.jpg,W
Data/Img/img033-022.jpg,W
Data/Img/img033-023.jpg,W
Data/Img/img033-024.jpg,W
Data/Img/img033-025.jpg,W
Data/Img/img033-026.jpg,W
Data/Img/img033-027.jpg,W
Data/Img/img033-028.jpg,W
Data/Img/img033-029.jpg,W
Data/Img/img033-030.jpg,W
Data/Img/img033-031.jpg,W
Data/Img/img033-032.jpg,W
Data/Img/img033-033.jpg,W
Data/Img/img033-034.jpg,W
Data/Img/img033-035.jpg,W
Data/Img/img033-036.jpg,W
Data/Img/img033-037.jpg,W
Data/Img/img033-038.jpg,W
Data/Img/img033-039.jpg,W
Data/Img/img033-040.jpg,W
Data/Img/img033-041.jpg,W
Data/Img/img033-042.jpg,W
Data/Img/img033-043.jpg,W
Data/Img/img033-044.jpg,W
Data/Img/img033-045.jpg,W
Data/Img/img033-046.jpg,W
Data/Img/img033-047.jpg,W
Data/Img/img033-048.jpg,W
Data/Img/img033-049.jpg,W
Data/Img/img033-050.jpg,W
Data/Img/img033-051.jpg,W
Data/Img/img033-052.jpg,W
Data/Img/img033-053.jpg,W
Data/Img/img033-054.jpg,W
Data/Img/img033-055.jpg,W
Data/Img/img034-001.jpg,X
Data/Img/img034-002.jpg,X
Data/Img/img034-003.jpg,X
Data/Img/img034-004.jpg,X
Data/Img/img034-005.jpg,X
Data/Img/img034-006.jpg,X
Data/Img/img034-007.jpg,X
Data/Img/img034-008.jpg,X
Data/Img/img034-009.jpg,X
Data/Img/img034-010.jpg,X
Data/Img/img034-011.jpg,X
Data/Img/img034-012.jpg,X
Data/Img/img034-013.jpg,X
Data/Img/img034-014.jpg,X
Data/Img/img034-015.jpg,X
Data/Img/img034-016.jpg,X
Data/Img/img034-017.jpg,X
Data/Img/img034-018.jpg,X
Data/Img/img034-019.jpg,X
Data/Img/img034-020.jpg,X
Data/Img/img034-021.jpg,X
Data/Img/img034-022.jpg,X
Data/Img/img034-023.jpg,X
Data/Img/img034-024.jpg,X
Data/Img/img034-025.jpg,X
Data/Img/img034-026.jpg,X
Data/Img/img034-027.jpg,X
Data/Img/img034-028.jpg,X
Data/Img/img034-029.jpg,X
Data/Img/img034-030.jpg,X
Data/Img/img034-031.jpg,X
Data/Img/img034-032.jpg,X
Data/Img/img034-033.jpg,X
Data/Img/img034-034.jpg,X
Data/Img/img034-035.jpg,X
Data/Img/img034-036.jpg,X
Data/Img/img034-037.jpg,X
Data/Img/img034-038.jpg,X
Data/Img/img034-039.jpg,X
Data/Img/img034-040.jpg,X
Data/Img/img034-041.jpg,X
Data/Img/img034-042.jpg,X
Data/Img/img034-043.jpg,X
Data/Img/img034-044.jpg,X
Data/Img/img034-045.jpg,X
Data/Img/img034-046.jpg,X
Data/Img/img034-047.jpg,X
Data/Img/img034-048.jpg,X
Data/Img/img034-049.jpg,X
Data/Img/img034-050.jpg,X
Data/Img/img034-051.jpg,X
Data/Img/img034-052.jpg,X
Data/Img/img034-053.jpg,X
Data/Img/img034-054.jpg,X
Data/Img/img034-055.jpg,X
Data/Img/img035-001.jpg,Y
Data/Img/img035-002.jpg,Y
Data/Img/img035-003.jpg,Y
Data/Img/img035-004.jpg,Y
Data/Img/img035-005.jpg,Y
Data/Img/img035-006.jpg,Y
Data/Img/img035-007.jpg,Y
Data/Img/img035-008.jpg,Y
Data/Img/img035-009.jpg,Y
Data/Img/img035-010.jpg,Y
Data/Img/img035-011.jpg,Y
Data/Img/img035-012.jpg,Y
Data/Img/img035-013.jpg,Y
Data/Img/img035-014.jpg,Y
Data/Img/img035-015.jpg,Y
Data/Img/img035-016.jpg,Y
Data/Img/img035-017.jpg,Y
Data/Img/img035-018.jpg,Y
Data/Img/img035-019.jpg,Y
Data/Img/img035-020.jpg,Y
Data/Img/img035-021.jpg,Y
Data/Img/img035-022.jpg,Y
Data/Img/img035-023.jpg,Y
Data/Img/img035-024.jpg,Y
Data/Img/img035-025.jpg,Y
Data/Img/img035-026.jpg,Y
Data/Img/img035-027.jpg,Y
Data/Img/img035-028.jpg,Y
Data/Img/img035-029.jpg,Y
Data/Img/img035-030.jpg,Y
Data/Img/img035-031.jpg,Y
Data/Img/img035-032.jpg,Y
Data/Img/img035-033.jpg,Y
Data/Img/img035-034.jpg,Y
Data/Img/img035-035.jpg,Y
Data/Img/img035-036.jpg,Y
Data/Img/img035-037.jpg,Y
Data/Img/img035-038.jpg,Y
Data/Img/img035-039.jpg,Y
Data/Img/img035-040.jpg,Y
Data/Img/img035-041.jpg,Y
Data/Img/img035-042.jpg,Y
Data/Img/img035-043.jpg,Y
Data/Img/img035-044.jpg,Y
Data/Img/img035-045.jpg,Y
Data/Img/img035-046.jpg,Y
Data/Img/img035-047.jpg,Y
Data/Img/img035-048.jpg,Y
Data/Img/img035-049.jpg,Y
Data/Img/img035-050.jpg,Y
Data/Img/img035-051.jpg,Y
Data/Img/img035-052.jpg,Y
Data/Img/img035-053.jpg,Y
Data/Img/img035-054.jpg,Y
Data/Img/img035-055.jpg,Y
Data/Img/img036-001.jpg,Z
Data/Img/img036-002.jpg,Z
Data/Img/img036-003.jpg,Z
Data/Img/img036-004.jpg,Z
Data/Img/img036-005.jpg,Z
Data/Img/img036-006.jpg,Z
Data/Img/img036-007.jpg,Z
Data/Img/img036-008.jpg,Z
Data/Img/img036-009.jpg,Z
Data/Img/img036-010.jpg,Z
Data/Img/img036-011.jpg,Z
Data/Img/img036-012.jpg,Z
Data/Img/img036-013.jpg,Z
Data/Img/img036-014.jpg,Z
Data/Img/img036-015.jpg,Z
Data/Img/img036-016.jpg,Z
Data/Img/img036-017.jpg,Z
Data/Img/img036-018.jpg,Z
Data/Img/img036-019.jpg,Z
Data/Img/img036-020.jpg,Z
Data/Img/img036-021.jpg,Z
Data/Img/img036-022.jpg,Z
Data/Img/img036-023.jpg,Z
Data/Img/img036-024.jpg,Z
Data/Img/img036-025.jpg,Z
Data/Img/img036-026.jpg,Z
Data/Img/img036-027.jpg,Z
Data/Img/img036-028.jpg,Z
Data/Img/img036-029.jpg,Z
Data/Img/img036-030.jpg,Z
Data/Img/img036-031.jpg,Z
Data/Img/img036-032.jpg,Z
Data/Img/img036-033.jpg,Z
Data/Img/img036-034.jpg,Z
Data/Img/img036-035.jpg,Z
Data/Img/img036-036.jpg,Z
Data/Img/img036-037.jpg,Z
Data/Img/img036-038.jpg,Z
Data/Img/img036-039.jpg,Z
Data/Img/img036-040.jpg,Z
Data/Img/img036-041.jpg,Z
Data/Img/img036-042.jpg,Z
Data/Img/img036-043.jpg,Z
Data/Img/img036-044.jpg,Z
Data/Img/img036-045.jpg,Z
Data/Img/img036-046.jpg,Z
Data/Img/img036-047.jpg,Z
Data/Img/img036-048.jpg,Z
Data/Img/img036-049.jpg,Z
Data/Img/img036-050.jpg,Z
Data/Img/img036-051.jpg,Z
Data/Img/img036-052.jpg,Z
Data/Img/img036-053.jpg,Z
Data/Img/img036-054.jpg,Z
Data/Img/img036-055.jpg,Z
Data/Img/img037-001.jpg,a
Data/Img/img037-002.jpg,a
Data/Img/img037-003.jpg,a
Data/Img/img037-004.jpg,a
Data/Img/img037-005.jpg,a
Data/Img/img037-006.jpg,a
Data/Img/img037-007.jpg,a
Data/Img/img037-008.jpg,a
Data/Img/img037-009.jpg,a
Data/Img/img037-010.jpg,a
Data/Img/img037-011.jpg,a
Data/Img/img037-012.jpg,a
Data/Img/img037-013.jpg,a
Data/Img/img037-014.jpg,a
Data/Img/img037-015.jpg,a
Data/Img/img037-016.jpg,a
Data/Img/img037-017.jpg,a
Data/Img/img037-018.jpg,a
Data/Img/img037-019.jpg,a
Data/Img/img037-020.jpg,a
Data/Img/img037-021.jpg,a
Data/Img/img037-022.jpg,a
Data/Img/img037-023.jpg,a
Data/Img/img037-024.jpg,a
Data/Img/img037-025.jpg,a
Data/Img/img037-026.jpg,a
Data/Img/img037-027.jpg,a
Data/Img/img037-028.jpg,a
Data/Img/img037-029.jpg,a
Data/Img/img037-030.jpg,a
Data/Img/img037-031.jpg,a
Data/Img/img037-032.jpg,a
Data/Img/img037-033.jpg,a
Data/Img/img037-034.jpg,a
Data/Img/img037-035.jpg,a
Data/Img/img037-036.jpg,a
Data/Img/img037-037.jpg,a
Data/Img/img037-038.jpg,a
Data/Img/img037-039.jpg,a
Data/Img/img037-040.jpg,a
Data/Img/img037-041.jpg,a
Data/Img/img037-042.jpg,a
Data/Img/img037-043.jpg,a
Data/Img/img037-044.jpg,a
Data/Img/img037-045.jpg,a
Data/Img/img037-046.jpg,a
Data/Img/img037-047.jpg,a
Data/Img/img037-048.jpg,a
Data/Img/img037-049.jpg,a
Data/Img/img037-050.jpg,a
Data/Img/img037-051.jpg,a
Data/Img/img037-052.jpg,a
Data/Img/img037-053.jpg,a
Data/Img/img037-054.jpg,a
Data/Img/img037-055.jpg,a
Data/Img/img038-001.jpg,b
Data/Img/img038-002.jpg,b
Data/Img/img038-003.jpg,b
Data/Img/img038-004.jpg,b
Data/Img/img038-005.jpg,b
Data/Img/img038-006.jpg,b
Data/Img/img038-007.jpg,b
Data/Img/img038-008.jpg,b
Data/Img/img038-009.jpg,b
Data/Img/img038-010.jpg,b
Data/Img/img038-011.jpg,b
Data/Img/img038-012.jpg,b
Data/Img/img038-013.jpg,b
Data/Img/img038-014.jpg,b
Data/Img/img038-015.jpg,b
Data/Img/img038-016.jpg,b
Data/Img/img038-017.jpg,b
Data/Img/img038-018.jpg,b
Data/Img/img038-019.jpg,b
Data/Img/img038-020.jpg,b
Data/Img/img038-021.jpg,b
Data/Img/img038-022.jpg,b
Data/Img/img038-023.jpg,b
Data/Img/img038-024.jpg,b
Data/Img/img038-025.jpg,b
Data/Img/img038-026.jpg,b
Data/Img/img038-027.jpg,b
Data/Img/img038-028.jpg,b
Data/Img/img038-029.jpg,b
Data/Img/img038-030.jpg,b
Data/Img/img038-031.jpg,b
Data/Img/img038-032.jpg,b
Data/Img/img038-033.jpg,b
Data/Img/img038-034.jpg,b
Data/Img/img038-035.jpg,b
Data/Img/img038-036.jpg,b
Data/Img/img038-037.jpg,b
Data/Img/img038-038.jpg,b
Data/Img/img038-039.jpg,b
Data/Img/img038-040.jpg,b
Data/Img/img038-041.jpg,b
Data/Img/img038-042.jpg,b
Data/Img/img038-043.jpg,b
Data/Img/img038-044.jpg,b
Data/Img/img038-045.jpg,b
Data/Img/img038-046.jpg,b
Data/Img/img038-047.jpg,b
Data/Img/img038-048.jpg,b
Data/Img/img038-049.jpg,b
Data/Img/img038-050.jpg,b
Data/Img/img038-051.jpg,b
Data/Img/img038-052.jpg,b
Data/Img/img038-053.jpg,b
Data/Img/img038-054.jpg,b
Data/Img/img038-055.jpg,b
Data/Img/img039-001.jpg,c
Data/Img/img039-002.jpg,c
Data/Img/img039-003.jpg,c
Data/Img/img039-004.jpg,c
Data/Img/img039-005.jpg,c
Data/Img/img039-006.jpg,c
Data/Img/img039-007.jpg,c
Data/Img/img039-008.jpg,c
Data/Img/img039-009.jpg,c
Data/Img/img039-010.jpg,c
Data/Img/img039-011.jpg,c
Data/Img/img039-012.jpg,c
Data/Img/img039-013.jpg,c
Data/Img/img039-014.jpg,c
Data/Img/img039-015.jpg,c
Data/Img/img039-016.jpg,c
Data/Img/img039-017.jpg,c
Data/Img/img039-018.jpg,c
Data/Img/img039-019.jpg,c
Data/Img/img039-020.jpg,c
Data/Img/img039-021.jpg,c
Data/Img/img039-022.jpg,c
Data/Img/img039-023.jpg,c
Data/Img/img039-024.jpg,c
Data/Img/img039-025.jpg,c
Data/Img/img039-026.jpg,c
Data/Img/img039-027.jpg,c
Data/Img/img039-028.jpg,c
Data/Img/img039-029.jpg,c
Data/Img/img039-030.jpg,c
Data/Img/img039-031.jpg,c
Data/Img/img039-032.jpg,c
Data/Img/img039-033.jpg,c
Data/Img/img039-034.jpg,c
Data/Img/img039-035.jpg,c
Data/Img/img039-036.jpg,c
Data/Img/img039-037.jpg,c
Data/Img/img039-038.jpg,c
Data/Img/img039-039.jpg,c
Data/Img/img039-040.jpg,c
Data/Img/img039-041.jpg,c
Data/Img/img039-042.jpg,c
Data/Img/img039-043.jpg,c
Data/Img/img039-044.jpg,c
Data/Img/img039-045.jpg,c
Data/Img/img039-046.jpg,c
Data/Img/img039-047.jpg,c
Data/Img/img039-048.jpg,c
Data/Img/img039-049.jpg,c
Data/Img/img039-050.jpg,c
Data/Img/img039-051.jpg,c
Data/Img/img039-052.jpg,c
Data/Img/img039-053.jpg,c
Data/Img/img039-054.jpg,c
Data/Img/img039-055.jpg,c
Data/Img/img040-001.jpg,d
Data/Img/img040-002.jpg,d
Data/Img/img040-003.jpg,d
Data/Img/img040-004.jpg,d
Data/Img/img040-005.jpg,d
Data/Img/img040-006.jpg,d
Data/Img/img040-007.jpg,d
Data/Img/img040-008.jpg,d
Data/Img/img040-009.jpg,d
Data/Img/img040-010.jpg,d
Data/Img/img040-011.jpg,d
Data/Img/img040-012.jpg,d
Data/Img/img040-013.jpg,d
Data/Img/img040-014.jpg,d
Data/Img/img040-015.jpg,d
Data/Img/img040-016.jpg,d
Data/Img/img040-017.jpg,d
Data/Img/img040-018.jpg,d
Data/Img/img040-019.jpg,d
Data/Img/img040-020.jpg,d
Data/Img/img040-021.jpg,d
Data/Img/img040-022.jpg,d
Data/Img/img040-023.jpg,d
Data/Img/img040-024.jpg,d
Data/Img/img040-025.jpg,d
Data/Img/img040-026.jpg,d
Data/Img/img040-027.jpg,d
Data/Img/img040-028.jpg,d
Data/Img/img040-029.jpg,d
Data/Img/img040-030.jpg,d
Data/Img/img040-031.jpg,d
Data/Img/img040-032.jpg,d
Data/Img/img040-033.jpg,d
Data/Img/img040-034.jpg,d
Data/Img/img040-035.jpg,d
Data/Img/img040-036.jpg,d
Data/Img/img040-037.jpg,d
Data/Img/img040-038.jpg,d
Data/Img/img040-039.jpg,d
Data/Img/img040-040.jpg,d
Data/Img/img040-041.jpg,d
Data/Img/img040-042.jpg,d
Data/Img/img040-043.jpg,d
Data/Img/img040-044.jpg,d
Data/Img/img040-045.jpg,d
Data/Img/img040-046.jpg,d
Data/Img/img040-047.jpg,d
Data/Img/img040-048.jpg,d
Data/Img/img040-049.jpg,d
Data/Img/img040-050.jpg,d
Data/Img/img040-051.jpg,d
Data/Img/img040-052.jpg,d
Data/Img/img040-053.jpg,d
Data/Img/img040-054.jpg,d
Data/Img/img040-055.jpg,d
Data/Img/img041-001.jpg,e
Data/Img/img041-002.jpg,e
Data/Img/img041-003.jpg,e
Data/Img/img041-004.jpg,e
Data/Img/img041-005.jpg,e
Data/Img/img041-006.jpg,e
Data/Img/img041-007.jpg,e
Data/Img/img041-008.jpg,e
Data/Img/img041-009.jpg,e
Data/Img/img041-010.jpg,e
Data/Img/img041-011.jpg,e
Data/Img/img041-012.jpg,e
Data/Img/img041-013.jpg,e
Data/Img/img041-014.jpg,e
Data/Img/img041-015.jpg,e
Data/Img/img041-016.jpg,e
Data/Img/img041-017.jpg,e
Data/Img/img041-018.jpg,e
Data/Img/img041-019.jpg,e
Data/Img/img041-020.jpg,e
Data/Img/img041-021.jpg,e
Data/Img/img041-022.jpg,e
Data/Img/img041-023.jpg,e
Data/Img/img041-024.jpg,e
Data/Img/img041-025.jpg,e
Data/Img/img041-026.jpg,e
Data/Img/img041-027.jpg,e
Data/Img/img041-028.jpg,e
Data/Img/img041-029.jpg,e
Data/Img/img041-030.jpg,e
Data/Img/img041-031.jpg,e
Data/Img/img041-032.jpg,e
Data/Img/img041-033.jpg,e
Data/Img/img041-034.jpg,e
Data/Img/img041-035.jpg,e
Data/Img/img041-036.jpg,e
Data/Img/img041-037.jpg,e
Data/Img/img041-038.jpg,e
Data/Img/img041-039.jpg,e
Data/Img/img041-040.jpg,e
Data/Img/img041-041.jpg,e
Data/Img/img041-042.jpg,e
Data/Img/img041-043.jpg,e
Data/Img/img041-044.jpg,e
Data/Img/img041-045.jpg,e
Data/Img/img041-046.jpg,e
Data/Img/img041-047.jpg,e
Data/Img/img041-048.jpg,e
Data/Img/img041-049.jpg,e
Data/Img/img041-050.jpg,e
Data/Img/img041-051.jpg,e
Data/Img/img041-052.jpg,e
Data/Img/img041-053.jpg,e
Data/Img/img041-054.jpg,e
Data/Img/img041-055.jpg,e
Data/Img/img042-001.jpg,f
Data/Img/img042-002.jpg,f
Data/Img/img042-003.jpg,f
Data/Img/img042-004.jpg,f
Data/Img/img042-005.jpg,f
Data/Img/img042-006.jpg,f
Data/Img/img042-007.jpg,f
Data/Img/img042-008.jpg,f
Data/Img/img042-009.jpg,f
Data/Img/img042-010.jpg,f
Data/Img/img042-011.jpg,f
Data/Img/img042-012.jpg,f
Data/Img/img042-013.jpg,f
Data/Img/img042-014.jpg,f
Data/Img/img042-015.jpg,f
Data/Img/img042-016.jpg,f
Data/Img/img042-017.jpg,f
Data/Img/img042-018.jpg,f
Data/Img/img042-019.jpg,f
Data/Img/img042-020.jpg,f
Data/Img/img042-021.jpg,f
Data/Img/img042-022.jpg,f
Data/Img/img042-023.jpg,f
Data/Img/img042-024.jpg,f
Data/Img/img042-025.jpg,f
Data/Img/img042-026.jpg,f
Data/Img/img042-027.jpg,f
Data/Img/img042-028.jpg,f
Data/Img/img042-029.jpg,f
Data/Img/img042-030.jpg,f
Data/Img/img042-031.jpg,f
Data/Img/img042-032.jpg,f
Data/Img/img042-033.jpg,f
Data/Img/img042-034.jpg,f
Data/Img/img042-035.jpg,f
Data/Img/img042-036.jpg,f
Data/Img/img042-037.jpg,f
Data/Img/img042-038.jpg,f
Data/Img/img042-039.jpg,f
Data/Img/img042-040.jpg,f
Data/Img/img042-041.jpg,f
Data/Img/img042-042.jpg,f
Data/Img/img042-043.jpg,f
Data/Img/img042-044.jpg,f
Data/Img/img042-045.jpg,f
Data/Img/img042-046.jpg,f
Data/Img/img042-047.jpg,f
Data/Img/img042-048.jpg,f
Data/Img/img042-049.jpg,f
Data/Img/img042-050.jpg,f
Data/Img/img042-051.jpg,f
Data/Img/img042-052.jpg,f
Data/Img/img042-053.jpg,f
Data/Img/img042-054.jpg,f
Data/Img/img042-055.jpg,f
Data/Img/img043-001.jpg,g
Data/Img/img043-002.jpg,g
Data/Img/img043-003.jpg,g
Data/Img/img043-004.jpg,g
Data/Img/img043-005.jpg,g
Data/Img/img043-006.jpg,g
Data/Img/img043-007.jpg,g
Data/Img/img043-008.jpg,g
Data/Img/img043-009.jpg,g
Data/Img/img043-010.jpg,g
Data/Img/img043-011.jpg,g
Data/Img/img043-012.jpg,g
Data/Img/img043-013.jpg,g
Data/Img/img043-014.jpg,g
Data/Img/img043-015.jpg,g
Data/Img/img043-016.jpg,g
Data/Img/img043-017.jpg,g
Data/Img/img043-018.jpg,g
Data/Img/img043-019.jpg,g
Data/Img/img043-020.jpg,g
Data/Img/img043-021.jpg,g
Data/Img/img043-022.jpg,g
Data/Img/img043-023.jpg,g
Data/Img/img043-024.jpg,g
Data/Img/img043-025.jpg,g
Data/Img/img043-026.jpg,g
Data/Img/img043-027.jpg,g
Data/Img/img043-028.jpg,g
Data/Img/img043-029.jpg,g
Data/Img/img043-030.jpg,g
Data/Img/img043-031.jpg,g
Data/Img/img043-032.jpg,g
Data/Img/img043-033.jpg,g
Data/Img/img043-034.jpg,g
Data/Img/img043-035.jpg,g
Data/Img/img043-036.jpg,g
Data/Img/img043-037.jpg,g
Data/Img/img043-038.jpg,g
Data/Img/img043-039.jpg,g
Data/Img/img043-040.jpg,g
Data/Img/img043-041.jpg,g
Data/Img/img043-042.jpg,g
Data/Img/img043-043.jpg,g
Data/Img/img043-044.jpg,g
Data/Img/img043-045.jpg,g
Data/Img/img043-046.jpg,g
Data/Img/img043-047.jpg,g
Data/Img/img043-048.jpg,g
Data/Img/img043-049.jpg,g
Data/Img/img043-050.jpg,g
Data/Img/img043-051.jpg,g
Data/Img/img043-052.jpg,g
Data/Img/img043-053.jpg,g
Data/Img/img043-054.jpg,g
Data/Img/img043-055.jpg,g
Data/Img/img044-001.jpg,h
Data/Img/img044-002.jpg,h
Data/Img/img044-003.jpg,h
Data/Img/img044-004.jpg,h
Data/Img/img044-005.jpg,h
Data/Img/img044-006.jpg,h
Data/Img/img044-007.jpg,h
Data/Img/img044-008.jpg,h
Data/Img/img044-009.jpg,h
Data/Img/img044-010.jpg,h
Data/Img/img044-011.jpg,h
Data/Img/img044-012.jpg,h
Data/Img/img044-013.jpg,h
Data/Img/img044-014.jpg,h
Data/Img/img044-015.jpg,h
Data/Img/img044-016.jpg,h
Data/Img/img044-017.jpg,h
Data/Img/img044-018.jpg,h
Data/Img/img044-019.jpg,h
Data/Img/img044-020.jpg,h
Data/Img/img044-021.jpg,h
Data/Img/img044-022.jpg,h
Data/Img/img044-023.jpg,h
Data/Img/img044-024.jpg,h
Data/Img/img044-025.jpg,h
Data/Img/img044-026.jpg,h
Data/Img/img044-027.jpg,h
Data/Img/img044-028.jpg,h
Data/Img/img044-029.jpg,h
Data/Img/img044-030.jpg,h
Data/Img/img044-031.jpg,h
Data/Img/img044-032.jpg,h
Data/Img/img044-033.jpg,h
Data/Img/img044-034.jpg,h
Data/Img/img044-035.jpg,h
Data/Img/img044-036.jpg,h
Data/Img/img044-037.jpg,h
Data/Img/img044-038.jpg,h
Data/Img/img044-039.jpg,h
Data/Img/img044-040.jpg,h
Data/Img/img044-041.jpg,h
Data/Img/img044-042.jpg,h
Data/Img/img044-043.jpg,h
Data/Img/img044-044.jpg,h
Data/Img/img044-045.jpg,h
Data/Img/img044-046.jpg,h
Data/Img/img044-047.jpg,h
Data/Img/img044-048.jpg,h
Data/Img/img044-049.jpg,h
Data/Img/img044-050.jpg,h
Data/Img/img044-051.jpg,h
Data/Img/img044-052.jpg,h
Data/Img/img044-053.jpg,h
Data/Img/img044-054.jpg,h
Data/Img/img044-055.jpg,h
Data/Img/img045-001.jpg,i
Data/Img/img045-002.jpg,i
Data/Img/img045-003.jpg,i
Data/Img/img045-004.jpg,i
Data/Img/img045-005.jpg,i
Data/Img/img045-006.jpg,i
Data/Img/img045-007.jpg,i
Data/Img/img045-008.jpg,i
Data/Img/img045-009.jpg,i
Data/Img/img045-010.jpg,i
Data/Img/img045-011.jpg,i
Data/Img/img045-012.jpg,i
Data/Img/img045-013.jpg,i
Data/Img/img045-014.jpg,i
Data/Img/img045-015.jpg,i
Data/Img/img045-016.jpg,i
Data/Img/img045-017.jpg,i
Data/Img/img045-018.jpg,i
Data/Img/img045-019.jpg,i
Data/Img/img045-020.jpg,i
Data/Img/img045-021.jpg,i
Data/Img/img045-022.jpg,i
Data/Img/img045-023.jpg,i
Data/Img/img045-024.jpg,i
Data/Img/img045-025.jpg,i
Data/Img/img045-026.jpg,i
Data/Img/img045-027.jpg,i
Data/Img/img045-028.jpg,i
Data/Img/img045-029.jpg,i
Data/Img/img045-030.jpg,i
Data/Img/img045-031.jpg,i
Data/Img/img045-032.jpg,i
Data/Img/img045-033.jpg,i
Data/Img/img045-034.jpg,i
Data/Img/img045-035.jpg,i
Data/Img/img045-036.jpg,i
Data/Img/img045-037.jpg,i
Data/Img/img045-038.jpg,i
Data/Img/img045-039.jpg,i
Data/Img/img045-040.jpg,i
Data/Img/img045-041.jpg,i
Data/Img/img045-042.jpg,i
Data/Img/img045-043.jpg,i
Data/Img/img045-044.jpg,i
Data/Img/img045-045.jpg,i
Data/Img/img045-046.jpg,i
Data/Img/img045-047.jpg,i
Data/Img/img045-048.jpg,i
Data/Img/img045-049.jpg,i
Data/Img/img045-050.jpg,i
Data/Img/img045-051.jpg,i
Data/Img/img045-052.jpg,i
Data/Img/img045-053.jpg,i
Data/Img/img045-054.jpg,i
Data/Img/img045-055.jpg,i
Data/Img/img046-001.jpg,j
Data/Img/img046-002.jpg,j
Data/Img/img046-003.jpg,j
Data/Img/img046-004.jpg,j
Data/Img/img046-005.jpg,j
Data/Img/img046-006.jpg,j
Data/Img/img046-007.jpg,j
Data/Img/img046-008.jpg,j
Data/Img/img046-009.jpg,j
Data/Img/img046-010.jpg,j
Data/Img/img046-011.jpg,j
Data/Img/img046-012.jpg,j
Data/Img/img046-013.jpg,j
Data/Img/img046-014.jpg,j
Data/Img/img046-015.jpg,j
Data/Img/img046-016.jpg,j
Data/Img/img046-017.jpg,j
Data/Img/img046-018.jpg,j
Data/Img/img046-019.jpg,j
Data/Img/img046-020.jpg,j
Data/Img/img046-021.jpg,j
Data/Img/img046-022.jpg,j
Data/Img/img046-023.jpg,j
Data/Img/img046-024.jpg,j
Data/Img/img046-025.jpg,j
Data/Img/img046-026.jpg,j
Data/Img/img046-027.jpg,j
Data/Img/img046-028.jpg,j
Data/Img/img046-029.jpg,j
Data/Img/img046-030.jpg,j
Data/Img/img046-031.jpg,j
Data/Img/img046-032.jpg,j
Data/Img/img046-033.jpg,j
Data/Img/img046-034.jpg,j
Data/Img/img046-035.jpg,j
Data/Img/img046-036.jpg,j
Data/Img/img046-037.jpg,j
Data/Img/img046-038.jpg,j
Data/Img/img046-039.jpg,j
Data/Img/img046-040.jpg,j
Data/Img/img046-041.jpg,j
Data/Img/img046-042.jpg,j
Data/Img/img046-043.jpg,j
Data/Img/img046-044.jpg,j
Data/Img/img046-045.jpg,j
Data/Img/img046-046.jpg,j
Data/Img/img046-047.jpg,j
Data/Img/img046-048.jpg,j
Data/Img/img046-049.jpg,j
Data/Img/img046-050.jpg,j
Data/Img/img046-051.jpg,j
Data/Img/img046-052.jpg,j
Data/Img/img046-053.jpg,j
Data/Img/img046-054.jpg,j
Data/Img/img046-055.jpg,j
Data/Img/img047-001.jpg,k
Data/Img/img047-002.jpg,k
Data/Img/img047-003.jpg,k
Data/Img/img047-004.jpg,k
Data/Img/img047-005.jpg,k
Data/Img/img047-006.jpg,k
Data/Img/img047-007.jpg,k
Data/Img/img047-008.jpg,k
Data/Img/img047-009.jpg,k
Data/Img/img047-010.jpg,k
Data/Img/img047-011.jpg,k
Data/Img/img047-012.jpg,k
Data/Img/img047-013.jpg,k
Data/Img/img047-014.jpg,k
Data/Img/img047-015.jpg,k
Data/Img/img047-016.jpg,k
Data/Img/img047-017.jpg,k
Data/Img/img047-018.jpg,k
Data/Img/img047-019.jpg,k
Data/Img/img047-020.jpg,k
Data/Img/img047-021.jpg,k
Data/Img/img047-022.jpg,k
Data/Img/img047-023.jpg,k
Data/Img/img047-024.jpg,k
Data/Img/img047-025.jpg,k
Data/Img/img047-026.jpg,k
Data/Img/img047-027.jpg,k
Data/Img/img047-028.jpg,k
Data/Img/img047-029.jpg,k
Data/Img/img047-030.jpg,k
Data/Img/img047-031.jpg,k
Data/Img/img047-032.jpg,k
Data/Img/img047-033.jpg,k
Data/Img/img047-034.jpg,k
Data/Img/img047-035.jpg,k
Data/Img/img047-036.jpg,k
Data/Img/img047-037.jpg,k
Data/Img/img047-038.jpg,k
Data/Img/img047-039.jpg,k
Data/Img/img047-040.jpg,k
Data/Img/img047-041.jpg,k
Data/Img/img047-042.jpg,k
Data/Img/img047-043.jpg,k
Data/Img/img047-044.jpg,k
Data/Img/img047-045.jpg,k
Data/Img/img047-046.jpg,k
Data/Img/img047-047.jpg,k
Data/Img/img047-048.jpg,k
Data/Img/img047-049.jpg,k
Data/Img/img047-050.jpg,k
Data/Img/img047-051.jpg,k
Data/Img/img047-052.jpg,k
Data/Img/img047-053.jpg,k
Data/Img/img047-054.jpg,k
Data/Img/img047-055.jpg,k
Data/Img/img048-001.jpg,l
Data/Img/img048-002.jpg,l
Data/Img/img048-003.jpg,l
Data/Img/img048-004.jpg,l
Data/Img/img048-005.jpg,l
Data/Img/img048-006.jpg,l
Data/Img/img048-007.jpg,l
Data/Img/img048-008.jpg,l
Data/Img/img048-009.jpg,l
Data/Img/img048-010.jpg,l
Data/Img/img048-011.jpg,l
Data/Img/img048-012.jpg,l
Data/Img/img048-013.jpg,l
Data/Img/img048-014.jpg,l
Data/Img/img048-015.jpg,l
Data/Img/img048-016.jpg,l
Data/Img/img048-017.jpg,l
Data/Img/img048-018.jpg,l
Data/Img/img048-019.jpg,l
Data/Img/img048-020.jpg,l
Data/Img/img048-021.jpg,l
Data/Img/img048-022.jpg,l
Data/Img/img048-023.jpg,l
Data/Img/img048-024.jpg,l
Data/Img/img048-025.jpg,l
Data/Img/img048-026.jpg,l
Data/Img/img048-027.jpg,l
Data/Img/img048-028.jpg,l
Data/Img/img048-029.jpg,l
Data/Img/img048-030.jpg,l
Data/Img/img048-031.jpg,l
Data/Img/img048-032.jpg,l
Data/Img/img048-033.jpg,l
Data/Img/img048-034.jpg,l
Data/Img/img048-035.jpg,l
Data/Img/img048-036.jpg,l
Data/Img/img048-037.jpg,l
Data/Img/img048-038.jpg,l
Data/Img/img048-039.jpg,l
Data/Img/img048-040.jpg,l
Data/Img/img048-041.jpg,l
Data/Img/img048-042.jpg,l
Data/Img/img048-043.jpg,l
Data/Img/img048-044.jpg,l
Data/Img/img048-045.jpg,l
Data/Img/img048-046.jpg,l
Data/Img/img048-047.jpg,l
Data/Img/img048-048.jpg,l
Data/Img/img048-049.jpg,l
Data/Img/img048-050.jpg,l
Data/Img/img048-051.jpg,l
Data/Img/img048-052.jpg,l
Data/Img/img048-053.jpg,l
Data/Img/img048-054.jpg,l
Data/Img/img048-055.jpg,l
Data/Img/img049-001.jpg,m
Data/Img/img049-002.jpg,m
Data/Img/img049-003.jpg,m
Data/Img/img049-004.jpg,m
Data/Img/img049-005.jpg,m
Data/Img/img049-006.jpg,m
Data/Img/img049-007.jpg,m
Data/Img/img049-008.jpg,m
Data/Img/img049-009.jpg,m
Data/Img/img049-010.jpg,m
Data/Img/img049-011.jpg,m
Data/Img/img049-012.jpg,m
Data/Img/img049-013.jpg,m
Data/Img/img049-014.jpg,m
Data/Img/img049-015.jpg,m
Data/Img/img049-016.jpg,m
Data/Img/img049-017.jpg,m
Data/Img/img049-018.jpg,m
Data/Img/img049-019.jpg,m
Data/Img/img049-020.jpg,m
Data/Img/img049-021.jpg,m
Data/Img/img049-022.jpg,m
Data/Img/img049-023.jpg,m
Data/Img/img049-024.jpg,m
Data/Img/img049-025.jpg,m
Data/Img/img049-026.jpg,m
Data/Img/img049-027.jpg,m
Data/Img/img049-028.jpg,m
Data/Img/img049-029.jpg,m
Data/Img/img049-030.jpg,m
Data/Img/img049-031.jpg,m
Data/Img/img049-032.jpg,m
Data/Img/img049-033.jpg,m
Data/Img/img049-034.jpg,m
Data/Img/img049-035.jpg,m
Data/Img/img049-036.jpg,m
Data/Img/img049-037.jpg,m
Data/Img/img049-038.jpg,m
Data/Img/img049-039.jpg,m
Data/Img/img049-040.jpg,m
Data/Img/img049-041.jpg,m
Data/Img/img049-042.jpg,m
Data/Img/img049-043.jpg,m
Data/Img/img049-044.jpg,m
Data/Img/img049-045.jpg,m
Data/Img/img049-046.jpg,m
Data/Img/img049-047.jpg,m
Data/Img/img049-048.jpg,m
Data/Img/img049-049.jpg,m
Data/Img/img049-050.jpg,m
Data/Img/img049-051.jpg,m
Data/Img/img049-052.jpg,m
Data/Img/img049-053.jpg,m
Data/Img/img049-054.jpg,m
Data/Img/img049-055.jpg,m
Data/Img/img050-001.jpg,n
Data/Img/img050-002.jpg,n
Data/Img/img050-003.jpg,n
Data/Img/img050-004.jpg,n
Data/Img/img050-005.jpg,n
Data/Img/img050-006.jpg,n
Data/Img/img050-007.jpg,n
Data/Img/img050-008.jpg,n
Data/Img/img050-009.jpg,n
Data/Img/img050-010.jpg,n
Data/Img/img050-011.jpg,n
Data/Img/img050-012.jpg,n
Data/Img/img050-013.jpg,n
Data/Img/img050-014.jpg,n
Data/Img/img050-015.jpg,n
Data/Img/img050-016.jpg,n
Data/Img/img050-017.jpg,n
Data/Img/img050-018.jpg,n
Data/Img/img050-019.jpg,n
Data/Img/img050-020.jpg,n
Data/Img/img050-021.jpg,n
Data/Img/img050-022.jpg,n
Data/Img/img050-023.jpg,n
Data/Img/img050-024.jpg,n
Data/Img/img050-025.jpg,n
Data/Img/img050-026.jpg,n
Data/Img/img050-027.jpg,n
Data/Img/img050-028.jpg,n
Data/Img/img050-029.jpg,n
Data/Img/img050-030.jpg,n
Data/Img/img050-031.jpg,n
Data/Img/img050-032.jpg,n
Data/Img/img050-033.jpg,n
Data/Img/img050-034.jpg,n
Data/Img/img050-035.jpg,n
Data/Img/img050-036.jpg,n
Data/Img/img050-037.jpg,n
Data/Img/img050-038.jpg,n
Data/Img/img050-039.jpg,n
Data/Img/img050-040.jpg,n
Data/Img/img050-041.jpg,n
Data/Img/img050-042.jpg,n
Data/Img/img050-043.jpg,n
Data/Img/img050-044.jpg,n
Data/Img/img050-045.jpg,n
Data/Img/img050-046.jpg,n
Data/Img/img050-047.jpg,n
Data/Img/img050-048.jpg,n
Data/Img/img050-049.jpg,n
Data/Img/img050-050.jpg,n
Data/Img/img050-051.jpg,n
Data/Img/img050-052.jpg,n
Data/Img/img050-053.jpg,n
Data/Img/img050-054.jpg,n
Data/Img/img050-055.jpg,n
Data/Img/img051-001.jpg,o
Data/Img/img051-002.jpg,o
Data/Img/img051-003.jpg,o
Data/Img/img051-004.jpg,o
Data/Img/img051-005.jpg,o
Data/Img/img051-006.jpg,o
Data/Img/img051-007.jpg,o
Data/Img/img051-008.jpg,o
Data/Img/img051-009.jpg,o
Data/Img/img051-010.jpg,o
Data/Img/img051-011.jpg,o
Data/Img/img051-012.jpg,o
Data/Img/img051-013.jpg,o
Data/Img/img051-014.jpg,o
Data/Img/img051-015.jpg,o
Data/Img/img051-016.jpg,o
Data/Img/img051-017.jpg,o
Data/Img/img051-018.jpg,o
Data/Img/img051-019.jpg,o
Data/Img/img051-020.jpg,o
Data/Img/img051-021.jpg,o
Data/Img/img051-022.jpg,o
Data/Img/img051-023.jpg,o
Data/Img/img051-024.jpg,o
Data/Img/img051-025.jpg,o
Data/Img/img051-026.jpg,o
Data/Img/img051-027.jpg,o
Data/Img/img051-028.jpg,o
Data/Img/img051-029.jpg,o
Data/Img/img051-030.jpg,o
Data/Img/img051-031.jpg,o
Data/Img/img051-032.jpg,o
Data/Img/img051-033.jpg,o
Data/Img/img051-034.jpg,o
Data/Img/img051-035.jpg,o
Data/Img/img051-036.jpg,o
Data/Img/img051-037.jpg,o
Data/Img/img051-038.jpg,o
Data/Img/img051-039.jpg,o
Data/Img/img051-040.jpg,o
Data/Img/img051-041.jpg,o
Data/Img/img051-042.jpg,o
Data/Img/img051-043.jpg,o
Data/Img/img051-044.jpg,o
Data/Img/img051-045.jpg,o
Data/Img/img051-046.jpg,o
Data/Img/img051-047.jpg,o
Data/Img/img051-048.jpg,o
Data/Img/img051-049.jpg,o
Data/Img/img051-050.jpg,o
Data/Img/img051-051.jpg,o
Data/Img/img051-052.jpg,o
Data/Img/img051-053.jpg,o
Data/Img/img051-054.jpg,o
Data/Img/img051-055.jpg,o
Data/Img/img052-001.jpg,p
Data/Img/img052-002.jpg,p
Data/Img/img052-003.jpg,p
Data/Img/img052-004.jpg,p
Data/Img/img052-005.jpg,p
Data/Img/img052-006.jpg,p
Data/Img/img052-007.jpg,p
Data/Img/img052-008.jpg,p
Data/Img/img052-009.jpg,p
Data/Img/img052-010.jpg,p
Data/Img/img052-011.jpg,p
Data/Img/img052-012.jpg,p
Data/Img/img052-013.jpg,p
Data/Img/img052-014.jpg,p
Data/Img/img052-015.jpg,p
Data/Img/img052-016.jpg,p
Data/Img/img052-017.jpg,p
Data/Img/img052-018.jpg,p
Data/Img/img052-019.jpg,p
Data/Img/img052-020.jpg,p
Data/Img/img052-021.jpg,p
Data/Img/img052-022.jpg,p
Data/Img/img052-023.jpg,p
Data/Img/img052-024.jpg,p
Data/Img/img052-025.jpg,p
Data/Img/img052-026.jpg,p
Data/Img/img052-027.jpg,p
Data/Img/img052-028.jpg,p
Data/Img/img052-029.jpg,p
Data/Img/img052-030.jpg,p
Data/Img/img052-031.jpg,p
Data/Img/img052-032.jpg,p
Data/Img/img052-033.jpg,p
Data/Img/img052-034.jpg,p
Data/Img/img052-035.jpg,p
Data/Img/img052-036.jpg,p
Data/Img/img052-037.jpg,p
Data/Img/img052-038.jpg,p
Data/Img/img052-039.jpg,p
Data/Img/img052-040.jpg,p
Data/Img/img052-041.jpg,p
Data/Img/img052-042.jpg,p
Data/Img/img052-043.jpg,p
Data/Img/img052-044.jpg,p
Data/Img/img052-045.jpg,p
Data/Img/img052-046.jpg,p
Data/Img/img052-047.jpg,p
Data/Img/img052-048.jpg,p
Data/Img/img052-049.jpg,p
Data/Img/img052-050.jpg,p
Data/Img/img052-051.jpg,p
Data/Img/img052-052.jpg,p
Data/Img/img052-053.jpg,p
Data/Img/img052-054.jpg,p
Data/Img/img052-055.jpg,p
Data/Img/img053-001.jpg,q
Data/Img/img053-002.jpg,q
Data/Img/img053-003.jpg,q
Data/Img/img053-004.jpg,q
Data/Img/img053-005.jpg,q
Data/Img/img053-006.jpg,q
Data/Img/img053-007.jpg,q
Data/Img/img053-008.jpg,q
Data/Img/img053-009.jpg,q
Data/Img/img053-010.jpg,q
Data/Img/img053-011.jpg,q
Data/Img/img053-012.jpg,q
Data/Img/img053-013.jpg,q
Data/Img/img053-014.jpg,q
Data/Img/img053-015.jpg,q
Data/Img/img053-016.jpg,q
Data/Img/img053-017.jpg,q
Data/Img/img053-018.jpg,q
Data/Img/img053-019.jpg,q
Data/Img/img053-020.jpg,q
Data/Img/img053-021.jpg,q
Data/Img/img053-022.jpg,q
Data/Img/img053-023.jpg,q
Data/Img/img053-024.jpg,q
Data/Img/img053-025.jpg,q
Data/Img/img053-026.jpg,q
Data/Img/img053-027.jpg,q
Data/Img/img053-028.jpg,q
Data/Img/img053-029.jpg,q
Data/Img/img053-030.jpg,q
Data/Img/img053-031.jpg,q
Data/Img/img053-032.jpg,q
Data/Img/img053-033.jpg,q
Data/Img/img053-034.jpg,q
Data/Img/img053-035.jpg,q
Data/Img/img053-036.jpg,q
Data/Img/img053-037.jpg,q
Data/Img/img053-038.jpg,q
Data/Img/img053-039.jpg,q
Data/Img/img053-040.jpg,q
Data/Img/img053-041.jpg,q
Data/Img/img053-042.jpg,q
Data/Img/img053-043.jpg,q
Data/Img/img053-044.jpg,q
Data/Img/img053-045.jpg,q
Data/Img/img053-046.jpg,q
Data/Img/img053-047.jpg,q
Data/Img/img053-048.jpg,q
Data/Img/img053-049.jpg,q
Data/Img/img053-050.jpg,q
Data/Img/img053-051.jpg,q
Data/Img/img053-052.jpg,q
Data/Img/img053-053.jpg,q
Data/Img/img053-054.jpg,q
Data/Img/img053-055.jpg,q
Data/Img/img054-001.jpg,r
Data/Img/img054-002.jpg,r
Data/Img/img054-003.jpg,r
Data/Img/img054-004.jpg,r
Data/Img/img054-005.jpg,r
Data/Img/img054-006.jpg,r
Data/Img/img054-007.jpg,r
Data/Img/img054-008.jpg,r
Data/Img/img054-009.jpg,r
Data/Img/img054-010.jpg,r
Data/Img/img054-011.jpg,r
Data/Img/img054-012.jpg,r
Data/Img/img054-013.jpg,r
Data/Img/img054-014.jpg,r
Data/Img/img054-015.jpg,r
Data/Img/img054-016.jpg,r
Data/Img/img054-017.jpg,r
Data/Img/img054-018.jpg,r
Data/Img/img054-019.jpg,r
Data/Img/img054-020.jpg,r
Data/Img/img054-021.jpg,r
Data/Img/img054-022.jpg,r
Data/Img/img054-023.jpg,r
Data/Img/img054-024.jpg,r
Data/Img/img054-025.jpg,r
Data/Img/img054-026.jpg,r
Data/Img/img054-027.jpg,r
Data/Img/img054-028.jpg,r
Data/Img/img054-029.jpg,r
Data/Img/img054-030.jpg,r
Data/Img/img054-031.jpg,r
Data/Img/img054-032.jpg,r
Data/Img/img054-033.jpg,r
Data/Img/img054-034.jpg,r
Data/Img/img054-035.jpg,r
Data/Img/img054-036.jpg,r
Data/Img/img054-037.jpg,r
Data/Img/img054-038.jpg,r
Data/Img/img054-039.jpg,r
Data/Img/img054-040.jpg,r
Data/Img/img054-041.jpg,r
Data/Img/img054-042.jpg,r
Data/Img/img054-043.jpg,r
Data/Img/img054-044.jpg,r
Data/Img/img054-045.jpg,r
Data/Img/img054-046.jpg,r
Data/Img/img054-047.jpg,r
Data/Img/img054-048.jpg,r
Data/Img/img054-049.jpg,r
Data/Img/img054-050.jpg,r
Data/Img/img054-051.jpg,r
Data/Img/img054-052.jpg,r
Data/Img/img054-053.jpg,r
Data/Img/img054-054.jpg,r
Data/Img/img054-055.jpg,r
Data/Img/img055-001.jpg,s
Data/Img/img055-002.jpg,s
Data/Img/img055-003.jpg,s
Data/Img/img055-004.jpg,s
Data/Img/img055-005.jpg,s
Data/Img/img055-006.jpg,s
Data/Img/img055-007.jpg,s
Data/Img/img055-008.jpg,s
Data/Img/img055-009.jpg,s
Data/Img/img055-010.jpg,s
Data/Img/img055-011.jpg,s
Data/Img/img055-012.jpg,s
Data/Img/img055-013.jpg,s
Data/Img/img055-014.jpg,s
Data/Img/img055-015.jpg,s
Data/Img/img055-016.jpg,s
Data/Img/img055-017.jpg,s
Data/Img/img055-018.jpg,s
Data/Img/img055-019.jpg,s
Data/Img/img055-020.jpg,s
Data/Img/img055-021.jpg,s
Data/Img/img055-022.jpg,s
Data/Img/img055-023.jpg,s
Data/Img/img055-024.jpg,s
Data/Img/img055-025.jpg,s
Data/Img/img055-026.jpg,s
Data/Img/img055-027.jpg,s
Data/Img/img055-028.jpg,s
Data/Img/img055-029.jpg,s
Data/Img/img055-030.jpg,s
Data/Img/img055-031.jpg,s
Data/Img/img055-032.jpg,s
Data/Img/img055-033.jpg,s
Data/Img/img055-034.jpg,s
Data/Img/img055-035.jpg,s
Data/Img/img055-036.jpg,s
Data/Img/img055-037.jpg,s
Data/Img/img055-038.jpg,s
Data/Img/img055-039.jpg,s
Data/Img/img055-040.jpg,s
Data/Img/img055-041.jpg,s
Data/Img/img055-042.jpg,s
Data/Img/img055-043.jpg,s
Data/Img/img055-044.jpg,s
Data/Img/img055-045.jpg,s
Data/Img/img055-046.jpg,s
Data/Img/img055-047.jpg,s
Data/Img/img055-048.jpg,s
Data/Img/img055-049.jpg,s
Data/Img/img055-050.jpg,s
Data/Img/img055-051.jpg,s
Data/Img/img055-052.jpg,s
Data/Img/img055-053.jpg,s
Data/Img/img055-054.jpg,s
Data/Img/img055-055.jpg,s
Data/Img/img056-001.jpg,t
Data/Img/img056-002.jpg,t
Data/Img/img056-003.jpg,t
Data/Img/img056-004.jpg,t
Data/Img/img056-005.jpg,t
Data/Img/img056-006.jpg,t
Data/Img/img056-007.jpg,t
Data/Img/img056-008.jpg,t
Data/Img/img056-009.jpg,t
Data/Img/img056-010.jpg,t
Data/Img/img056-011.jpg,t
Data/Img/img056-012.jpg,t
Data/Img/img056-013.jpg,t
Data/Img/img056-014.jpg,t
Data/Img/img056-015.jpg,t
Data/Img/img056-016.jpg,t
Data/Img/img056-017.jpg,t
Data/Img/img056-018.jpg,t
Data/Img/img056-019.jpg,t
Data/Img/img056-020.jpg,t
Data/Img/img056-021.jpg,t
Data/Img/img056-022.jpg,t
Data/Img/img056-023.jpg,t
Data/Img/img056-024.jpg,t
Data/Img/img056-025.jpg,t
Data/Img/img056-026.jpg,t
Data/Img/img056-027.jpg,t
Data/Img/img056-028.jpg,t
Data/Img/img056-029.jpg,t
Data/Img/img056-030.jpg,t
Data/Img/img056-031.jpg,t
Data/Img/img056-032.jpg,t
Data/Img/img056-033.jpg,t
Data/Img/img056-034.jpg,t
Data/Img/img056-035.jpg,t
Data/Img/img056-036.jpg,t
Data/Img/img056-037.jpg,t
Data/Img/img056-038.jpg,t
Data/Img/img056-039.jpg,t
Data/Img/img056-040.jpg,t
Data/Img/img056-041.jpg,t
Data/Img/img056-042.jpg,t
Data/Img/img056-043.jpg,t
Data/Img/img056-044.jpg,t
Data/Img/img056-045.jpg,t
Data/Img/img056-046.jpg,t
Data/Img/img056-047.jpg,t
Data/Img/img056-048.jpg,t
Data/Img/img056-049.jpg,t
Data/Img/img056-050.jpg,t
Data/Img/img056-051.jpg,t
Data/Img/img056-052.jpg,t
Data/Img/img056-053.jpg,t
Data/Img/img056-054.jpg,t
Data/Img/img056-055.jpg,t
Data/Img/img057-001.jpg,u
Data/Img/img057-002.jpg,u
Data/Img/img057-003.jpg,u
Data/Img/img057-004.jpg,u
Data/Img/img057-005.jpg,u
Data/Img/img057-006.jpg,u
Data/Img/img057-007.jpg,u
Data/Img/img057-008.jpg,u
Data/Img/img057-009.jpg,u
Data/Img/img057-010.jpg,u
Data/Img/img057-011.jpg,u
Data/Img/img057-012.jpg,u
Data/Img/img057-013.jpg,u
Data/Img/img057-014.jpg,u
Data/Img/img057-015.jpg,u
Data/Img/img057-016.jpg,u
Data/Img/img057-017.jpg,u
Data/Img/img057-018.jpg,u
Data/Img/img057-019.jpg,u
Data/Img/img057-020.jpg,u
Data/Img/img057-021.jpg,u
Data/Img/img057-022.jpg,u
Data/Img/img057-023.jpg,u
Data/Img/img057-024.jpg,u
Data/Img/img057-025.jpg,u
Data/Img/img057-026.jpg,u
Data/Img/img057-027.jpg,u
Data/Img/img057-028.jpg,u
Data/Img/img057-029.jpg,u
Data/Img/img057-030.jpg,u
Data/Img/img057-031.jpg,u
Data/Img/img057-032.jpg,u
Data/Img/img057-033.jpg,u
Data/Img/img057-034.jpg,u
Data/Img/img057-035.jpg,u
Data/Img/img057-036.jpg,u
Data/Img/img057-037.jpg,u
Data/Img/img057-038.jpg,u
Data/Img/img057-039.jpg,u
Data/Img/img057-040.jpg,u
Data/Img/img057-041.jpg,u
Data/Img/img057-042.jpg,u
Data/Img/img057-043.jpg,u
Data/Img/img057-044.jpg,u
Data/Img/img057-045.jpg,u
Data/Img/img057-046.jpg,u
Data/Img/img057-047.jpg,u
Data/Img/img057-048.jpg,u
Data/Img/img057-049.jpg,u
Data/Img/img057-050.jpg,u
Data/Img/img057-051.jpg,u
Data/Img/img057-052.jpg,u
Data/Img/img057-053.jpg,u
Data/Img/img057-054.jpg,u
Data/Img/img057-055.jpg,u
Data/Img/img058-001.jpg,v
Data/Img/img058-002.jpg,v
Data/Img/img058-003.jpg,v
Data/Img/img058-004.jpg,v
Data/Img/img058-005.jpg,v
Data/Img/img058-006.jpg,v
Data/Img/img058-007.jpg,v
Data/Img/img058-008.jpg,v
Data/Img/img058-009.jpg,v
Data/Img/img058-010.jpg,v
Data/Img/img058-011.jpg,v
Data/Img/img058-012.jpg,v
Data/Img/img058-013.jpg,v
Data/Img/img058-014.jpg,v
Data/Img/img058-015.jpg,v
Data/Img/img058-016.jpg,v
Data/Img/img058-017.jpg,v
Data/Img/img058-018.jpg,v
Data/Img/img058-019.jpg,v
Data/Img/img058-020.jpg,v
Data/Img/img058-021.jpg,v
Data/Img/img058-022.jpg,v
Data/Img/img058-023.jpg,v
Data/Img/img058-024.jpg,v
Data/Img/img058-025.jpg,v
Data/Img/img058-026.jpg,v
Data/Img/img058-027.jpg,v
Data/Img/img058-028.jpg,v
Data/Img/img058-029.jpg,v
Data/Img/img058-030.jpg,v
Data/Img/img058-031.jpg,v
Data/Img/img058-032.jpg,v
Data/Img/img058-033.jpg,v
Data/Img/img058-034.jpg,v
Data/Img/img058-035.jpg,v
Data/Img/img058-036.jpg,v
Data/Img/img058-037.jpg,v
Data/Img/img058-038.jpg,v
Data/Img/img058-039.jpg,v
Data/Img/img058-040.jpg,v
Data/Img/img058-041.jpg,v
Data/Img/img058-042.jpg,v
Data/Img/img058-043.jpg,v
Data/Img/img058-044.jpg,v
Data/Img/img058-045.jpg,v
Data/Img/img058-046.jpg,v
Data/Img/img058-047.jpg,v
Data/Img/img058-048.jpg,v
Data/Img/img058-049.jpg,v
Data/Img/img058-050.jpg,v
Data/Img/img058-051.jpg,v
Data/Img/img058-052.jpg,v
Data/Img/img058-053.jpg,v
Data/Img/img058-054.jpg,v
Data/Img/img058-055.jpg,v
Data/Img/img059-001.jpg,w
Data/Img/img059-002.jpg,w
Data/Img/img059-003.jpg,w
Data/Img/img059-004.jpg,w
Data/Img/img059-005.jpg,w
Data/Img/img059-006.jpg,w
Data/Img/img059-007.jpg,w
Data/Img/img059-008.jpg,w
Data/Img/img059-009.jpg,w
Data/Img/img059-010.jpg,w
Data/Img/img059-011.jpg,w
Data/Img/img059-012.jpg,w
Data/Img/img059-013.jpg,w
Data/Img/img059-014.jpg,w
Data/Img/img059-015.jpg,w
Data/Img/img059-016.jpg,w
Data/Img/img059-017.jpg,w
Data/Img/img059-018.jpg,w
Data/Img/img059-019.jpg,w
Data/Img/img059-020.jpg,w
Data/Img/img059-021.jpg,w
Data/Img/img059-022.jpg,w
Data/Img/img059-023.jpg,w
Data/Img/img059-024.jpg,w
Data/Img/img059-025.jpg,w
Data/Img/img059-026.jpg,w
Data/Img/img059-027.jpg,w
Data/Img/img059-028.jpg,w
Data/Img/img059-029.jpg,w
Data/Img/img059-030.jpg,w
Data/Img/img059-031.jpg,w
Data/Img/img059-032.jpg,w
Data/Img/img059-033.jpg,w
Data/Img/img059-034.jpg,w
Data/Img/img059-035.jpg,w
Data/Img/img059-036.jpg,w
Data/Img/img059-037.jpg,w
Data/Img/img059-038.jpg,w
Data/Img/img059-039.jpg,w
Data/Img/img059-040.jpg,w
Data/Img/img059-041.jpg,w
Data/Img/img059-042.jpg,w
Data/Img/img059-043.jpg,w
Data/Img/img059-044.jpg,w
Data/Img/img059-045.jpg,w
Data/Img/img059-046.jpg,w
Data/Img/img059-047.jpg,w
Data/Img/img059-048.jpg,w
Data/Img/img059-049.jpg,w
Data/Img/img059-050.jpg,w
Data/Img/img059-051.jpg,w
Data/Img/img059-052.jpg,w
Data/Img/img059-053.jpg,w
Data/Img/img059-054.jpg,w
Data/Img/img059-055.jpg,w
Data/Img/img060-001.jpg,x
Data/Img/img060-002.jpg,x
Data/Img/img060-003.jpg,x
Data/Img/img060-004.jpg,x
Data/Img/img060-005.jpg,x
Data/Img/img060-006.jpg,x
Data/Img/img060-007.jpg,x
Data/Img/img060-008.jpg,x
Data/Img/img060-009.jpg,x
Data/Img/img060-010.jpg,x
Data/Img/img060-011.jpg,x
Data/Img/img060-012.jpg,x
Data/Img/img060-013.jpg,x
Data/Img/img060-014.jpg,x
Data/Img/img060-015.jpg,x
Data/Img/img060-016.jpg,x
Data/Img/img060-017.jpg,x
Data/Img/img060-018.jpg,x
Data/Img/img060-019.jpg,x
Data/Img/img060-020.jpg,x
Data/Img/img060-021.jpg,x
Data/Img/img060-022.jpg,x
Data/Img/img060-023.jpg,x
Data/Img/img060-024.jpg,x
Data/Img/img060-025.jpg,x
Data/Img/img060-026.jpg,x
Data/Img/img060-027.jpg,x
Data/Img/img060-028.jpg,x
Data/Img/img060-029.jpg,x
Data/Img/img060-030.jpg,x
Data/Img/img060-031.jpg,x
Data/Img/img060-032.jpg,x
Data/Img/img060-033.jpg,x
Data/Img/img060-034.jpg,x
Data/Img/img060-035.jpg,x
Data/Img/img060-036.jpg,x
Data/Img/img060-037.jpg,x
Data/Img/img060-038.jpg,x
Data/Img/img060-039.jpg,x
Data/Img/img060-040.jpg,x
Data/Img/img060-041.jpg,x
Data/Img/img060-042.jpg,x
Data/Img/img060-043.jpg,x
Data/Img/img060-044.jpg,x
Data/Img/img060-045.jpg,x
Data/Img/img060-046.jpg,x
Data/Img/img060-047.jpg,x
Data/Img/img060-048.jpg,x
Data/Img/img060-049.jpg,x
Data/Img/img060-050.jpg,x
Data/Img/img060-051.jpg,x
Data/Img/img060-052.jpg,x
Data/Img/img060-053.jpg,x
Data/Img/img060-054.jpg,x
Data/Img/img060-055.jpg,x
Data/Img/img061-001.jpg,y
Data/Img/img061-002.jpg,y
Data/Img/img061-003.jpg,y
Data/Img/img061-004.jpg,y
Data/Img/img061-005.jpg,y
Data/Img/img061-006.jpg,y
Data/Img/img061-007.jpg,y
Data/Img/img061-008.jpg,y
Data/Img/img061-009.jpg,y
Data/Img/img061-010.jpg,y
Data/Img/img061-011.jpg,y
Data/Img/img061-012.jpg,y
Data/Img/img061-013.jpg,y
Data/Img/img061-014.jpg,y
Data/Img/img061-015.jpg,y
Data/Img/img061-016.jpg,y
Data/Img/img061-017.jpg,y
Data/Img/img061-018.jpg,y
Data/Img/img061-019.jpg,y
Data/Img/img061-020.jpg,y
Data/Img/img061-021.jpg,y
Data/Img/img061-022.jpg,y
Data/Img/img061-023.jpg,y
Data/Img/img061-024.jpg,y
Data/Img/img061-025.jpg,y
Data/Img/img061-026.jpg,y
Data/Img/img061-027.jpg,y
Data/Img/img061-028.jpg,y
Data/Img/img061-029.jpg,y
Data/Img/img061-030.jpg,y
Data/Img/img061-031.jpg,y
Data/Img/img061-032.jpg,y
Data/Img/img061-033.jpg,y
Data/Img/img061-034.jpg,y
Data/Img/img061-035.jpg,y
Data/Img/img061-036.jpg,y
Data/Img/img061-037.jpg,y
Data/Img/img061-038.jpg,y
Data/Img/img061-039.jpg,y
Data/Img/img061-040.jpg,y
Data/Img/img061-041.jpg,y
Data/Img/img061-042.jpg,y
Data/Img/img061-043.jpg,y
Data/Img/img061-044.jpg,y
Data/Img/img061-045.jpg,y
Data/Img/img061-046.jpg,y
Data/Img/img061-047.jpg,y
Data/Img/img061-048.jpg,y
Data/Img/img061-049.jpg,y
Data/Img/img061-050.jpg,y
Data/Img/img061-051.jpg,y
Data/Img/img061-052.jpg,y
Data/Img/img061-053.jpg,y
Data/Img/img061-054.jpg,y
Data/Img/img061-055.jpg,y
Data/Img/img062-001.jpg,z
Data/Img/img062-002.jpg,z
Data/Img/img062-003.jpg,z
Data/Img/img062-004.jpg,z
Data/Img/img062-005.jpg,z
Data/Img/img062-006.jpg,z
Data/Img/img062-007.jpg,z
Data/Img/img062-008.jpg,z
Data/Img/img062-009.jpg,z
Data/Img/img062-010.jpg,z
Data/Img/img062-011.jpg,z
Data/Img/img062-012.jpg,z
Data/Img/img062-013.jpg,z
Data/Img/img062-014.jpg,z
Data/Img/img062-015.jpg,z
Data/Img/img062-016.jpg,z
Data/Img/img062-017.jpg,z
Data/Img/img062-018.jpg,z
Data/Img/img062-019.jpg,z
Data/Img/img062-020.jpg,z
Data/Img/img062-021.jpg,z
Data/Img/img062-022.jpg,z
Data/Img/img062-023.jpg,z
Data/Img/img062-024.jpg,z
Data/Img/img062-025.jpg,z
Data/Img/img062-026.jpg,z
Data/Img/img062-027.jpg,z
Data/Img/img062-028.jpg,z
Data/Img/img062-029.jpg,z
Data/Img/img062-030.jpg,z
Data/Img/img062-031.jpg,z
Data/Img/img062-032.jpg,z
Data/Img/img062-033.jpg,z
Data/Img/img062-034.jpg,z
Data/Img/img062-035.jpg,z
Data/Img/img062-036.jpg,z
Data/Img/img062-037.jpg,z
Data/Img/img062-038.jpg,z
Data/Img/img062-039.jpg,z
Data/Img/img062-040.jpg,z
Data/Img/img062-041.jpg,z
Data/Img/img062-042.jpg,z
Data/Img/img062-043.jpg,z
Data/Img/img062-044.jpg,z
Data/Img/img062-045.jpg,z
Data/Img/img062-046.jpg,z
Data/Img/img062-047.jpg,z
Data/Img/img062-048.jpg,z
Data/Img/img062-049.jpg,z
Data/Img/img062-050.jpg,z
Data/Img/img062-051.jpg,z
Data/Img/img062-052.jpg,z
Data/Img/img062-053.jpg,z
Data/Img/img062-054.jpg,z
Data/Img/img062-055.jpg,z
